t_unix_s,pressure_kpa
1769725428.269182,99.580
1769725428.271229,99.580
1769725428.273237,99.590
1769725428.274184,99.590
1769725428.276186,99.590
1769725428.279183,99.600
1769725428.280194,99.590
1769725428.283191,99.590
1769725428.284190,99.580
1769725428.286214,99.590
1769725428.293183,99.590
1769725428.294185,99.590
1769725428.295182,99.610
1769725428.297223,99.590
1769725428.300184,99.590
1769725428.302189,99.590
1769725428.305193,99.580
1769725428.306185,99.590
1769725428.308190,99.590
1769725428.310183,99.600
1769725428.314299,99.600
1769725428.318313,99.590
1769725428.319444,99.580
1769725428.321462,99.580
1769725428.323462,99.600
1769725428.325494,99.590
1769725428.326457,99.600
1769725428.327963,99.590
1769725428.329976,99.590
1769725428.330977,99.590
1769725428.334977,99.580
1769725428.336977,99.590
1769725428.339278,99.600
1769725428.340245,99.590
1769725428.341249,99.580
1769725428.343244,99.590
1769725428.344245,99.590
1769725428.345244,99.590
1769725428.347240,99.590
1769725428.351254,99.600
1769725428.357244,99.590
1769725428.358243,99.590
1769725428.375748,99.590
1769725428.404295,99.600
1769725428.432019,99.590
1769725428.457581,99.600
1769725428.485939,99.600
1769725428.515178,99.590
1769725428.543983,99.590
1769725428.572829,99.590
1769725428.601838,99.590
1769725428.629830,99.600
1769725428.657956,99.590
1769725428.686888,99.590
1769725428.714977,99.590
1769725428.739722,99.590
1769725428.769242,99.590
1769725428.798240,99.600
1769725428.826260,99.590
1769725428.854834,99.590
1769725428.883844,99.590
1769725428.911972,99.590
1769725428.940773,99.600
1769725428.969670,99.590
1769725428.998465,99.590
1769725429.022646,99.600
1769725429.052248,99.590
1769725429.080894,99.590
1769725429.108774,99.590
1769725429.136832,99.580
1769725429.166364,99.590
1769725429.195098,99.600
1769725429.223244,99.580
1769725429.251987,99.590
1769725429.281033,99.580
1769725429.305530,99.600
1769725429.334587,99.600
1769725429.362643,99.590
1769725429.391609,99.600
1769725429.420623,99.590
1769725429.449768,99.590
1769725429.477770,99.580
1769725429.505808,99.590
1769725429.535279,99.590
1769725429.563379,99.590
1769725429.587864,99.590
1769725429.617775,99.590
1769725429.645533,99.590
1769725429.674966,99.590
1769725429.703418,99.590
1769725429.732966,99.590
1769725429.759958,99.590
1769725429.788958,99.600
1769725429.817982,99.590
1769725429.845495,99.590
1769725429.870746,99.600
1769725429.900117,99.580
1769725429.928227,99.590
1769725429.956523,99.590
1769725429.985606,99.580
1769725430.016231,99.590
1769725430.042486,99.580
1769725430.071646,99.590
1769725430.100663,99.590
1769725430.128855,99.580
1769725430.153449,99.580
1769725430.182487,99.580
1769725430.210488,99.580
1769725430.239362,99.590
1769725430.267401,99.580
1769725430.296552,99.580
1769725430.325586,99.580
1769725430.354495,99.590
1769725430.382053,99.580
1769725430.410808,99.590
1769725430.439766,99.570
1769725430.464831,99.580
1769725430.492765,99.580
1769725430.521946,99.580
1769725430.550439,99.580
1769725430.579446,99.570
1769725430.608463,99.560
1769725430.636449,99.590
1769725430.665439,99.570
1769725430.693433,99.580
1769725430.722533,99.570
1769725430.747284,99.580
1769725430.776422,99.580
1769725430.804423,99.580
1769725430.834133,99.580
1769725430.862265,99.590
1769725430.890157,99.580
1769725430.919401,99.590
1769725430.948222,99.590
1769725430.976228,99.590
1769725431.005333,99.570
1769725431.029334,99.590
1769725431.058107,99.590
1769725431.087041,99.580
1769725431.116154,99.590
1769725431.144914,99.590
1769725431.172917,99.580
1769725431.201910,99.580
1769725431.231088,99.580
1769725431.259739,99.580
1769725431.287961,99.580
1769725431.313009,99.580
1769725431.341215,99.590
1769725431.369680,99.580
1769725431.399591,99.580
1769725431.428021,99.590
1769725431.456197,99.590
1769725431.484629,99.570
1769725431.513615,99.580
1769725431.542512,99.580
1769725431.570055,99.580
1769725431.595777,99.580
1769725431.623928,99.580
1769725431.653425,99.580
1769725431.681487,99.580
1769725431.709965,99.590
1769725431.738715,99.580
1769725431.767657,99.580
1769725431.795795,99.590
1769725431.824812,99.580
1769725431.852935,99.600
1769725431.878008,99.590
1769725431.906937,99.580
1769725431.935959,99.580
1769725431.964457,99.590
1769725431.993069,99.590
1769725432.021321,99.590
1769725432.051234,99.590
1769725432.078736,99.580
1769725432.107570,99.570
1769725432.135703,99.590
1769725432.160323,99.590
1769725432.189238,99.590
1769725432.218200,99.590
1769725432.246977,99.590
1769725432.275571,99.590
1769725432.304037,99.570
1769725432.332417,99.590
1769725432.361349,99.590
1769725432.389418,99.580
1769725432.418698,99.580
1769725432.442819,99.580
1769725432.472157,99.590
1769725432.500444,99.590
1769725432.529691,99.590
1769725432.558153,99.590
1769725432.587872,99.570
1769725432.614485,99.580
1769725432.644205,99.580
1769725432.673137,99.590
1769725432.700625,99.580
1769725432.725728,99.580
1769725432.755169,99.580
1769725432.783386,99.580
1769725432.812148,99.580
1769725432.841095,99.590
1769725432.869048,99.590
1769725432.898053,99.580
1769725432.927197,99.590
1769725432.954907,99.590
1769725432.983911,99.590
1769725433.007909,99.580
1769725433.036940,99.590
1769725433.068097,99.590
1769725433.095598,99.580
1769725433.123204,99.590
1769725433.151895,99.580
1769725433.180919,99.580
1769725433.209131,99.580
1769725433.236896,99.580
1769725433.266420,99.580
1769725433.295418,99.570
1769725433.320424,99.580
1769725433.348749,99.580
1769725433.377259,99.580
1769725433.406189,99.590
1769725433.435303,99.590
1769725433.463914,99.580
1769725433.491959,99.570
1769725433.520956,99.570
1769725433.549588,99.580
1769725433.577813,99.590
1769725433.602160,99.580
1769725433.650172,99.580
1769725433.659572,99.580
1769725433.688566,99.580
1769725433.717574,99.580
1769725433.746179,99.580
1769725433.775185,99.590
1769725433.803285,99.580
1769725433.832475,99.580
1769725433.860795,99.590
1769725433.885789,99.590
1769725433.914790,99.590
1769725433.943090,99.590
1769725433.971618,99.570
1769725434.000603,99.580
1769725434.028713,99.580
1769725434.057740,99.570
1769725434.085748,99.570
1769725434.114759,99.590
1769725434.143482,99.570
1769725434.168489,99.580
1769725434.196755,99.580
1769725434.224898,99.570
1769725434.253741,99.580
1769725434.283735,99.580
1769725434.311072,99.580
1769725434.339185,99.580
1769725434.368937,99.580
1769725434.396800,99.580
1769725434.425695,99.580
1769725434.451024,99.580
1769725434.479208,99.570
1769725434.508179,99.580
1769725434.536608,99.570
1769725434.565134,99.590
1769725434.594048,99.570
1769725434.622990,99.580
1769725434.651218,99.590
1769725434.680032,99.580
1769725434.708693,99.580
1769725434.733466,99.580
1769725434.761603,99.580
1769725434.790318,99.590
1769725434.820037,99.590
1769725434.848797,99.570
1769725434.876319,99.590
1769725434.905386,99.580
1769725434.934538,99.580
1769725434.962340,99.590
1769725434.991216,99.590
1769725435.016356,99.580
1769725435.045519,99.580
1769725435.073376,99.570
1769725435.103374,99.570
1769725435.131807,99.590
1769725435.159678,99.580
1769725435.187775,99.590
1769725435.217688,99.590
1769725435.245170,99.580
1769725435.273481,99.590
1769725435.298690,99.580
1769725435.327147,99.580
1769725435.355897,99.580
1769725435.385143,99.580
1769725435.414176,99.580
1769725435.442160,99.580
1769725435.470154,99.590
1769725435.499234,99.580
1769725435.527724,99.590
1769725435.556401,99.570
1769725435.581083,99.570
1769725435.610432,99.580
1769725435.638627,99.570
1769725435.667327,99.580
1769725435.696323,99.580
1769725435.724830,99.570
1769725435.752897,99.580
1769725435.781910,99.590
1769725435.810932,99.590
1769725435.839169,99.570
1769725435.864776,99.580
1769725435.892780,99.580
1769725435.920779,99.580
1769725435.952306,99.590
1769725435.978628,99.590
1769725436.007600,99.580
1769725436.036314,99.590
1769725436.064651,99.590
1769725436.093717,99.580
1769725436.121923,99.580
1769725436.146766,99.570
1769725436.174762,99.570
1769725436.204302,99.580
1769725436.234154,99.580
1769725436.261971,99.590
1769725436.289577,99.570
1769725436.318481,99.590
1769725436.347138,99.580
1769725436.376002,99.590
1769725436.404596,99.590
1769725436.433687,99.580
1769725436.457926,99.590
1769725436.486811,99.590
1769725436.514848,99.580
1769725436.544111,99.580
1769725436.572720,99.590
1769725436.600993,99.580
1769725436.630097,99.580
1769725436.658748,99.580
1769725436.686975,99.570
1769725436.715490,99.580
1769725436.740654,99.580
1769725436.768440,99.570
1769725436.798193,99.580
1769725436.826849,99.580
1769725436.855319,99.580
1769725436.884325,99.580
1769725436.912775,99.580
1769725436.941170,99.580
1769725436.969519,99.570
1769725436.998014,99.580
1769725437.023319,99.590
1769725437.051361,99.580
1769725437.080413,99.580
1769725437.109596,99.580
1769725437.137504,99.580
1769725437.166317,99.580
1769725437.195328,99.570
1769725437.224297,99.580
1769725437.252378,99.580
1769725437.280006,99.580
1769725437.305729,99.580
1769725437.334062,99.580
1769725437.362924,99.580
1769725437.391876,99.570
1769725437.420585,99.580
1769725437.450537,99.580
1769725437.477531,99.580
1769725437.506531,99.590
1769725437.535724,99.590
1769725437.563546,99.580
1769725437.588521,99.580
1769725437.617551,99.590
1769725437.645626,99.570
1769725437.675513,99.570
1769725437.703722,99.570
1769725437.731470,99.590
1769725437.761017,99.580
1769725437.788850,99.580
1769725437.817453,99.570
1769725437.846525,99.580
1769725437.871031,99.580
1769725437.901015,99.570
1769725437.929049,99.580
1769725437.957267,99.580
1769725437.986610,99.590
1769725438.014214,99.580
1769725438.043118,99.570
1769725438.072263,99.580
1769725438.100437,99.590
1769725438.129513,99.580
1769725438.154205,99.580
1769725438.182716,99.580
1769725438.211290,99.560
1769725438.239492,99.580
1769725438.269358,99.580
1769725438.297402,99.580
1769725438.325746,99.580
1769725439.533536,99.560
1769725439.563003,99.570
1769725439.590735,99.560
1769725439.615440,99.580
1769725439.644662,99.570
1769725439.673198,99.580
1769725439.703194,99.570
1769725439.730859,99.580
1769725439.759782,99.580
1769725439.788742,99.570
1769725439.817776,99.570
1769725439.845913,99.590
1769725439.873684,99.580
1769725439.898702,99.570
1769725439.927721,99.580
1769725439.955498,99.580
1769725439.984500,99.580
1769725440.013502,99.570
1769725440.042607,99.580
1769725440.070907,99.580
1769725440.099873,99.580
1769725440.127864,99.570
1769725440.156841,99.580
1769725440.181878,99.580
1769725440.209860,99.580
1769725440.238839,99.570
1769725440.268449,99.600
1769725440.296092,99.580
1769725440.325255,99.580
1769725440.353781,99.580
1769725440.381817,99.580
1769725440.411017,99.580
1769725440.439116,99.570
1769725440.464575,99.570
1769725440.493076,99.580
1769725440.521092,99.580
1769725440.551110,99.580
1769725440.578995,99.580
1769725440.607371,99.580
1769725440.637293,99.570
1769725440.664944,99.580
1769725440.693877,99.570
1769725440.722385,99.570
1769725440.746784,99.580
1769725440.775362,99.570
1769725440.804801,99.580
1769725440.833750,99.570
1769725440.861490,99.570
1769725440.890596,99.580
1769725440.919324,99.570
1769725440.947616,99.570
1769725440.975879,99.580
1769725441.004750,99.580
1769725441.029314,99.580
1769725441.057948,99.570
1769725441.087604,99.580
1769725441.115604,99.580
1769725441.143609,99.580
1769725441.173166,99.570
1769725441.202180,99.580
1769725441.229719,99.580
1769725441.258744,99.580
1769725441.287621,99.580
1769725441.312616,99.580
1769725441.340839,99.570
1769725441.368910,99.580
1769725441.397637,99.590
1769725441.426832,99.580
1769725441.455765,99.570
1769725441.484502,99.580
1769725441.512871,99.580
1769725441.541524,99.580
1769725441.570096,99.580
1769725441.595032,99.570
1769725441.622829,99.570
1769725441.652721,99.580
1769725441.681500,99.580
1769725441.710488,99.570
1769725441.738457,99.580
1769725441.767949,99.580
1769725441.795961,99.580
1769725441.823946,99.580
1769725441.852973,99.580
1769725441.877656,99.580
1769725441.906657,99.580
1769725441.934820,99.580
1769725441.963709,99.570
1769725441.991639,99.570
1769725442.020361,99.580
1769725442.049407,99.580
1769725442.078393,99.590
1769725442.106697,99.590
1769725442.135409,99.580
1769725442.160321,99.570
1769725442.188739,99.570
1769725442.218130,99.580
1769725442.246250,99.580
1769725442.274744,99.580
1769725442.303613,99.580
1769725442.332608,99.570
1769725442.360509,99.570
1769725442.389130,99.580
1769725442.417445,99.570
1769725442.446626,99.580
1769725442.471717,99.580
1769725442.499819,99.570
1769725442.529238,99.580
1769725442.557755,99.580
1769725442.586060,99.580
1769725442.615068,99.580
1769725442.643238,99.580
1769725442.671504,99.580
1769725442.701514,99.580
1769725442.729522,99.570
1769725442.754560,99.580
1769725442.783271,99.570
1769725442.811870,99.570
1769725442.839974,99.580
1769725442.870365,99.580
1769725442.897341,99.570
1769725442.926341,99.580
1769725442.954470,99.570
1769725442.983376,99.570
1769725443.011341,99.570
1769725443.036114,99.570
1769725443.065022,99.570
1769725443.094348,99.570
1769725443.122424,99.570
1769725443.151570,99.580
1769725443.180397,99.570
1769725443.209377,99.570
1769725443.237506,99.580
1769725443.265871,99.570
1769725443.294781,99.580
1769725443.319790,99.580
1769725443.348031,99.570
1769725443.376177,99.580
1769725443.405410,99.570
1769725443.435366,99.570
1769725443.463308,99.570
1769725443.491252,99.560
1769725443.520262,99.570
1769725443.549105,99.580
1769725443.577544,99.570
1769725443.602418,99.570
1769725443.630412,99.580
1769725443.659522,99.570
1769725443.687968,99.580
1769725443.716745,99.570
1769725443.745450,99.570
1769725443.774214,99.570
1769725443.802196,99.560
1769725443.831033,99.570
1769725443.859238,99.580
1769725443.885064,99.580
1769725443.913913,99.580
1769725443.942918,99.570
1769725443.971130,99.570
1769725444.000080,99.570
1769725444.027937,99.580
1769725444.056457,99.580
1769725444.085622,99.570
1769725444.113769,99.580
1769725444.141619,99.580
1769725444.168028,99.580
1769725444.196107,99.580
1769725444.225030,99.570
1769725444.253523,99.570
1769725444.282249,99.580
1769725444.311282,99.570
1769725444.339250,99.570
1769725444.367857,99.580
1769725444.397122,99.580
1769725444.425516,99.580
1769725444.450648,99.580
1769725444.479417,99.580
1769725444.507417,99.570
1769725444.536881,99.580
1769725444.564935,99.580
1769725444.593485,99.580
1769725444.621957,99.570
1769725444.651892,99.570
1769725444.678814,99.580
1769725444.708164,99.580
1769725444.732695,99.570
1769725444.761645,99.570
1769725444.789994,99.580
1769725444.819021,99.570
1769725444.846754,99.570
1769725444.876313,99.570
1769725444.904317,99.570
1769725444.933350,99.590
1769725444.962083,99.570
1769725444.990671,99.580
1769725445.015614,99.570
1769725445.043787,99.570
1769725445.072490,99.570
1769725445.102299,99.570
1769725445.130503,99.570
1769725445.158645,99.560
1769725445.187970,99.560
1769725445.215304,99.570
1769725445.244659,99.570
1769725445.273497,99.580
1769725445.297493,99.570
1769725445.326915,99.580
1769725445.355011,99.580
1769725445.384289,99.570
1769725445.411822,99.570
1769725445.441128,99.580
1769725445.469937,99.570
1769725445.497953,99.570
1769725445.527078,99.570
1769725445.555174,99.570
1769725445.580422,99.580
1769725445.609083,99.580
1769725445.638079,99.570
1769725445.666615,99.580
1769725445.695903,99.580
1769725445.724220,99.580
1769725445.752750,99.570
1769725445.781326,99.570
1769725445.809438,99.560
1769725445.838233,99.570
1769725445.862721,99.570
1769725445.891970,99.570
1769725445.920910,99.580
1769725445.949232,99.570
1769725445.977323,99.560
1769725446.006126,99.570
1769725446.035509,99.570
1769725446.063981,99.570
1769725446.092269,99.570
1769725446.121363,99.570
1769725446.145792,99.560
1769725446.174729,99.570
1769725446.203404,99.570
1769725446.231454,99.560
1769725446.260921,99.570
1769725446.289673,99.560
1769725446.318487,99.580
1769725446.346320,99.570
1769725446.375261,99.570
1769725446.403916,99.570
1769725446.427900,99.560
1769725446.457031,99.550
1769725446.485679,99.560
1769725446.514575,99.580
1769725446.543241,99.570
1769725446.572024,99.570
1769725446.600234,99.570
1769725446.629028,99.570
1769725446.657857,99.580
1769725446.686750,99.560
1769725446.710862,99.580
1769725446.739901,99.570
1769725446.769312,99.570
1769725446.798517,99.580
1769725446.826515,99.560
1769725446.854628,99.570
1769725446.883369,99.570
1769725446.911384,99.570
1769725446.941378,99.570
1769725446.968470,99.560
1769725446.993957,99.570
1769725447.022959,99.570
1769725447.050966,99.570
1769725447.080214,99.580
1769725447.108590,99.580
1769725447.137875,99.580
1769725447.165653,99.570
1769725447.194769,99.570
1769725447.223813,99.570
1769725447.251814,99.590
1769725447.276682,99.560
1769725447.305693,99.580
1769725447.333718,99.570
1769725447.362808,99.580
1769725447.391544,99.570
1769725447.420550,99.580
1769725447.447749,99.580
1769725447.476909,99.560
1769725447.505913,99.560
1769725447.534810,99.580
1769725447.562517,99.570
1769725447.587529,99.570
1769725447.616448,99.580
1769725447.645378,99.580
1769725447.673732,99.570
1769725447.702431,99.570
1769725447.731023,99.580
1769725447.760107,99.570
1769725447.788912,99.570
1769725447.817472,99.570
1769725447.842497,99.580
1769725447.870286,99.560
1769725447.899288,99.570
1769725447.927300,99.570
1769725447.956407,99.560
1769725447.986134,99.570
1769725448.014135,99.560
1769725448.042142,99.580
1769725448.070985,99.570
1769725448.099987,99.580
1769725448.127879,99.580
1769725448.152892,99.560
1769725448.181854,99.560
1769725448.210854,99.570
1769725448.238835,99.570
1769725448.267826,99.550
1769725448.296133,99.570
1769725448.326129,99.570
1769725448.354373,99.560
1769725448.382558,99.570
1769725448.411384,99.560
1769725448.435366,99.560
1769725448.464546,99.550
1769725448.493692,99.560
1769725448.521701,99.550
1769725448.551480,99.570
1769725448.580300,99.570
1769725448.608301,99.570
1769725448.636308,99.570
1769725448.665406,99.570
1769725448.693168,99.570
1769725448.719167,99.580
1769725448.748167,99.570
1769725448.776017,99.580
1769725448.805006,99.570
1769725448.833011,99.580
1769725448.862162,99.570
1769725448.890836,99.570
1769725448.917897,99.570
1769725448.947190,99.580
1769725448.976056,99.570
1769725449.002053,99.570
1769725449.030069,99.570
1769725449.058347,99.570
1769725449.087156,99.580
1769725449.116108,99.570
1769725449.144259,99.570
1769725449.173275,99.580
1769725449.202280,99.570
1769725449.230256,99.570
1769725449.258739,99.580
1769725449.284165,99.570
1769725449.312780,99.570
1769725449.341782,99.570
1769725449.370894,99.580
1769725449.399650,99.570
1769725449.426614,99.580
1769725449.455643,99.580
1769725449.484332,99.570
1769725449.513241,99.570
1769725449.542234,99.570
1769725449.567356,99.570
1769725449.595119,99.570
1769725449.623611,99.560
1769725449.652714,99.560
1769725449.681540,99.570
1769725449.710550,99.560
1769725449.738545,99.560
1769725449.767667,99.570
1769725449.796201,99.570
1769725449.824226,99.570
1769725449.849153,99.560
1769725449.878902,99.570
1769725449.905888,99.570
1769725449.935914,99.570
1769725449.964024,99.570
1769725449.992349,99.570
1769725450.021007,99.570
1769725450.049956,99.570
1769725450.078531,99.570
1769725450.106591,99.570
1769725450.131641,99.570
1769725450.160648,99.570
1769725450.189370,99.580
1769725450.217252,99.580
1769725450.246287,99.570
1769725450.274909,99.570
1769725450.304022,99.570
1769725450.333025,99.580
1769725450.361147,99.580
1769725450.389931,99.570
1769725450.413638,99.570
1769725450.442636,99.570
1769725450.471659,99.560
1769725450.500291,99.570
1769725450.529460,99.570
1769725450.558059,99.570
1769725450.586828,99.560
1769725450.614854,99.570
1769725450.643441,99.570
1769725450.672278,99.570
1769725450.697411,99.570
1769725450.725967,99.570
1769725450.754393,99.570
1769725450.783070,99.570
1769725450.811198,99.570
1769725450.840508,99.560
1769725450.869033,99.570
1769725450.897315,99.570
1769725450.926413,99.580
1769725450.954319,99.570
1769725450.982835,99.580
1769725451.007909,99.580
1769725451.036728,99.580
1769725451.066010,99.580
1769725451.094413,99.580
1769725451.123113,99.570
1769725451.152001,99.580
1769725451.179941,99.570
1769725451.209021,99.570
1769725451.237927,99.560
1769725451.266758,99.570
1769725451.291553,99.570
1769725451.319561,99.580
1769725451.348553,99.570
1769725451.377426,99.570
1769725451.405324,99.570
1769725451.435430,99.570
1769725451.463421,99.580
1769725451.492238,99.570
1769725451.520412,99.560
1769725451.548723,99.570
1769725451.574346,99.580
1769725451.603129,99.570
1769725451.631187,99.570
1769725451.660053,99.570
1769725451.688820,99.570
1769725451.716912,99.570
1769725451.745632,99.580
1769725451.775757,99.570
1769725451.803782,99.570
1769725451.831739,99.570
1769725451.855787,99.570
1769725451.885595,99.570
1769725451.913492,99.560
1769725451.942593,99.560
1769725451.971707,99.560
1769725451.999449,99.570
1769725452.028442,99.570
1769725452.057427,99.570
1769725452.086226,99.560
1769725452.114214,99.570
1769725452.139238,99.560
1769725452.168365,99.570
1769725452.196653,99.570
1769725452.225603,99.560
1769725452.254604,99.570
1769725452.283135,99.580
1769725452.311337,99.560
1769725452.339426,99.570
1769725452.368101,99.560
1769725452.397107,99.560
1769725452.422104,99.570
1769725452.451100,99.560
1769725452.479223,99.570
1769725452.507342,99.570
1769725452.537330,99.570
1769725452.565499,99.580
1769725452.594132,99.580
1769725452.623128,99.560
1769725452.651155,99.570
1769725452.679844,99.570
1769725452.704977,99.570
1769725452.733178,99.570
1769725452.761675,99.570
1769725452.790301,99.570
1769725452.819464,99.570
1769725452.848258,99.570
1769725452.876798,99.560
1769725452.904394,99.570
1769725452.933331,99.560
1769725452.962299,99.570
1769725452.987283,99.560
1769725453.015931,99.570
1769725453.044849,99.570
1769725453.072968,99.560
1769725453.102829,99.570
1769725453.130829,99.560
1769725453.158339,99.570
1769725453.188253,99.560
1769725453.216266,99.560
1769725453.245269,99.560
1769725453.270429,99.570
1769725453.299219,99.560
1769725453.327195,99.550
1769725453.356189,99.560
1769725453.384038,99.570
1769725453.413111,99.560
1769725453.442075,99.570
1769725453.470241,99.560
1769725453.499291,99.560
1769725453.527414,99.560
1769725453.555330,99.570
1769725453.580106,99.560
1769725453.609896,99.560
1769725453.639008,99.560
1769725453.667386,99.560
1769725453.695279,99.560
1769725453.725353,99.560
1769725453.753383,99.560
1769725453.781528,99.560
1769725453.810194,99.560
1769725453.839103,99.550
1769725453.864176,99.580
1769725453.892016,99.560
1769725453.921017,99.560
1769725453.950013,99.570
1769725453.978057,99.560
1769725454.007875,99.560
1769725454.036863,99.560
1769725454.063856,99.570
1769725454.093605,99.560
1769725454.121606,99.560
1769725454.146606,99.570
1769725454.175720,99.570
1769725454.204370,99.570
1769725454.233383,99.560
1769725454.261369,99.560
1769725454.290231,99.570
1769725454.319221,99.570
1769725454.347229,99.560
1769725454.375046,99.570
1769725454.404027,99.570
1769725454.428951,99.570
1769725454.458006,99.570
1769725454.486655,99.560
1769725454.515150,99.570
1769725454.544155,99.560
1769725454.572729,99.560
1769725454.601243,99.550
1769725454.629255,99.570
1769725454.658250,99.560
1769725454.687001,99.560
1769725454.711015,99.570
1769725454.740036,99.570
1769725454.770022,99.570
1769725454.797494,99.570
1769725454.826435,99.560
1769725454.855403,99.570
1769725454.883862,99.560
1769725454.912508,99.570
1769725454.940347,99.570
1769725454.969571,99.560
1769725454.994381,99.570
1769725455.022751,99.560
1769725455.051712,99.570
1769725455.080089,99.550
1769725455.108751,99.560
1769725455.137697,99.570
1769725455.166256,99.560
1769725455.195057,99.570
1769725455.224058,99.570
1769725455.252070,99.550
1769725455.277192,99.560
1769725455.305990,99.550
1769725455.335030,99.560
1769725455.363035,99.560
1769725455.391902,99.560
1769725455.420921,99.560
1769725455.448921,99.560
1769725455.476954,99.550
1769725455.505845,99.560
1769725455.534819,99.560
1769725455.559872,99.570
1769725455.588574,99.560
1769725455.617128,99.560
1769725455.645155,99.570
1769725455.674329,99.570
1769725455.703115,99.570
1769725455.731370,99.560
1769725455.760209,99.560
1769725455.788249,99.570
1769725455.817996,99.560
1769725455.841964,99.570
1769725455.871681,99.570
1769725455.899612,99.570
1769725455.928518,99.570
1769725455.958164,99.570
1769725455.985498,99.550
1769725456.015012,99.570
1769725456.043055,99.570
1769725456.072011,99.570
1769725456.100663,99.560
1769725456.124619,99.560
1769725456.154232,99.560
1769725456.182907,99.560
1769725456.211461,99.560
1769725456.239980,99.560
1769725456.268965,99.560
1769725456.297397,99.560
1769725456.325454,99.560
1769725456.354378,99.560
1769725456.382922,99.560
1769725456.407312,99.560
1769725456.437234,99.560
1769725456.465207,99.560
1769725456.493282,99.560
1769725456.521966,99.560
1769725456.550986,99.570
1769725456.579516,99.560
1769725456.608167,99.560
1769725456.637041,99.570
1769725456.665129,99.560
1769725456.689961,99.570
1769725456.718652,99.570
1769725456.747406,99.570
1769725456.776551,99.570
1769725456.806529,99.560
1769725456.833678,99.560
1769725456.862727,99.570
1769725456.891361,99.560
1769725456.920385,99.560
1769725456.948375,99.560
1769725456.975652,99.570
1769725457.000861,99.560
1769725457.030424,99.570
1769725457.058509,99.570
1769725457.088541,99.570
1769725457.116212,99.570
1769725457.144847,99.570
1769725457.173801,99.570
1769725457.201686,99.560
1769725457.230613,99.560
1769725457.259151,99.560
1769725457.284068,99.570
1769725457.312631,99.560
1769725457.341274,99.560
1769725457.370303,99.570
1769725457.398606,99.560
1769725457.427626,99.560
1769725457.456173,99.560
1769725457.485350,99.560
1769725457.513090,99.560
1769725457.542336,99.560
1769725457.567198,99.570
1769725457.595057,99.570
1769725457.625222,99.570
1769725457.654078,99.560
1769725457.682510,99.570
1769725457.710395,99.570
1769725457.739360,99.560
1769725457.767576,99.570
1769725457.795963,99.560
1769725457.824891,99.560
1769725457.849910,99.570
1769725457.877962,99.580
1769725457.907664,99.560
1769725457.935615,99.560
1769725457.964821,99.570
1769725457.992118,99.560
1769725458.022151,99.570
1769725458.049567,99.560
1769725458.078757,99.570
1769725458.107262,99.560
1769725458.132316,99.560
1769725458.160857,99.570
1769725458.189727,99.570
1769725458.218272,99.560
1769725458.247479,99.580
1769725458.275609,99.560
1769725458.304987,99.560
1769725458.333179,99.570
1769725458.361424,99.560
1769725458.390386,99.550
1769725458.414568,99.570
1769725458.443133,99.560
1769725458.471201,99.560
1769725458.500881,99.560
1769725458.529275,99.560
1769725458.557897,99.560
1769725458.587125,99.570
1769725458.615343,99.570
1769725458.643703,99.560
1769725458.672504,99.570
1769725458.700632,99.560
1769725458.725963,99.560
1769725458.755024,99.560
1769725458.783892,99.550
1769725458.811792,99.570
1769725458.840838,99.560
1769725458.868935,99.560
1769725458.898113,99.560
1769725458.926749,99.560
1769725458.954340,99.560
1769725458.983878,99.560
1769725459.008444,99.560
1769725459.036788,99.550
1769725459.065544,99.550
1769725459.094992,99.570
1769725459.122600,99.570
1769725459.152243,99.560
1769725459.180503,99.560
1769725459.208999,99.560
1769725459.237456,99.560
1769725459.266403,99.560
1769725459.291515,99.560
1769725459.319463,99.560
1769725459.348222,99.560
1769725459.377642,99.560
1769725459.405774,99.560
1769725459.435039,99.570
1769725459.462844,99.560
1769725459.492358,99.560
1769725459.520282,99.560
1769725459.549196,99.570
1769725459.573468,99.570
1769725459.602950,99.560
1769725459.631705,99.550
1769725459.659942,99.550
1769725459.688914,99.550
1769725459.717693,99.550
1769725459.745644,99.560
1769725459.775016,99.560
1769725459.802865,99.550
1769725459.831736,99.560
1769725459.860091,99.560
1769725459.885228,99.550
1769725459.914047,99.550
1769725459.943014,99.550
1769725459.971565,99.560
1769725460.000556,99.560
1769725460.029534,99.560
1769725460.057662,99.560
1769725460.086013,99.560
1769725460.114913,99.560
1769725460.142890,99.560
1769725460.167878,99.560
1769725460.196938,99.570
1769725460.225710,99.550
1769725460.254738,99.550
1769725460.283200,99.560
1769725460.311532,99.560
1769725460.340718,99.560
1769725460.368623,99.570
1769725460.397450,99.550
1769725460.425464,99.560
1769725460.449944,99.560
1769725460.479091,99.560
1769725460.507909,99.580
1769725460.537933,99.560
1769725460.565459,99.560
1769725460.594139,99.550
1769725460.622918,99.560
1769725460.651936,99.560
1769725460.679902,99.550
1769725460.708755,99.550
1769725460.733812,99.560
1769725460.762811,99.550
1769725460.790888,99.560
1769725460.819728,99.560
1769725460.848814,99.560
1769725460.876676,99.550
1769725460.905543,99.560
1769725460.934396,99.550
1769725460.962106,99.560
1769725460.991362,99.560
1769725461.015503,99.560
1769725461.044046,99.550
1769725461.073402,99.560
1769725461.102214,99.560
1769725461.130457,99.560
1769725461.159050,99.560
1769725461.187775,99.560
1769725461.216328,99.560
1769725461.245124,99.560
1769725461.273771,99.560
1769725461.302824,99.560
1769725461.327405,99.570
1769725461.355813,99.570
1769725461.385028,99.550
1769725461.413668,99.550
1769725461.442314,99.560
1769725461.471788,99.560
1769725461.499483,99.560
1769725461.527517,99.560
1769725461.555914,99.550
1769725461.585132,99.560
1769725461.609753,99.560
1769725461.638651,99.550
1769725461.667288,99.560
1769725461.695695,99.550
1769725461.724801,99.550
1769725461.753046,99.560
1769725461.782071,99.550
1769725461.810494,99.550
1769725461.839541,99.560
1769725461.867766,99.550
1769725461.892861,99.560
1769725461.920908,99.560
1769725461.950063,99.550
1769725461.979039,99.560
1769725462.006975,99.550
1769725462.036977,99.560
1769725462.064975,99.550
1769725462.093109,99.570
1769725462.121858,99.550
1769725462.150904,99.570
1769725462.174820,99.560
1769725462.204239,99.570
1769725462.233302,99.550
1769725462.262316,99.560
1769725462.290437,99.550
1769725462.319198,99.550
1769725462.347150,99.560
1769725462.376176,99.560
1769725462.404236,99.560
1769725462.433222,99.560
1769725462.458223,99.570
1769725462.487225,99.550
1769725462.515838,99.560
1769725462.544837,99.570
1769725462.573374,99.560
1769725462.601403,99.570
1769725462.630157,99.560
1769725462.659164,99.560
1769725462.687503,99.560
1769725462.715338,99.560
1769725462.744337,99.560
1769725462.769313,99.560
1769725462.798396,99.560
1769725462.827150,99.570
1769725462.855684,99.560
1769725462.884680,99.550
1769725462.912540,99.560
1769725462.942554,99.560
1769725462.969444,99.560
1769725462.998673,99.560
1769725463.027438,99.550
1769725463.052438,99.560
1769725463.081418,99.560
1769725463.110208,99.560
1769725463.138203,99.560
1769725463.167205,99.560
1769725463.195800,99.550
1769725463.224701,99.560
1769725463.252789,99.560
1769725463.281789,99.550
1769725463.309697,99.540
1769725463.334698,99.550
1769725463.363655,99.550
1769725463.391805,99.560
1769725463.420448,99.560
1769725463.449497,99.540
1769725463.478550,99.550
1769725463.506388,99.560
1769725463.535494,99.550
1769725463.563693,99.560
1769725463.592804,99.550
1769725463.617549,99.560
1769725463.645547,99.560
1769725463.674545,99.560
1769725463.703605,99.560
1769725463.731784,99.560
1769725463.760779,99.570
1769725463.789778,99.560
1769725463.817628,99.560
1769725463.846831,99.560
1769725463.875824,99.560
1769725463.899934,99.560
1769725463.929026,99.560
1769725463.957938,99.560
1769725463.985844,99.560
1769725464.014776,99.560
1769725464.043067,99.560
1769725464.072335,99.560
1769725464.100446,99.550
1769725464.129614,99.560
1769725464.157619,99.560
1769725464.186161,99.560
1769725464.211410,99.560
1769725464.239409,99.570
1769725464.268344,99.570
1769725464.297376,99.560
1769725464.327250,99.560
1769725464.356240,99.570
1769725464.383363,99.560
1769725464.412205,99.560
1769725464.440118,99.560
1769725464.469189,99.570
1769725464.494328,99.570
1769725464.523102,99.570
1769725464.552110,99.570
1769725464.580103,99.560
1769725464.608940,99.570
1769725464.637940,99.570
1769725464.665947,99.560
1769725464.694990,99.550
1769725464.723743,99.560
1769725464.751737,99.560
1769725464.776736,99.560
1769725464.805847,99.560
1769725464.834223,99.560
1769725464.863208,99.560
1769725464.891214,99.570
1769725464.921074,99.560
1769725464.949073,99.570
1769725464.977051,99.560
1769725465.006213,99.560
1769725465.033967,99.560
1769725465.058847,99.560
1769725465.088945,99.570
1769725465.116808,99.560
1769725465.145158,99.570
1769725465.174148,99.560
1769725465.203233,99.560
1769725465.230764,99.560
1769725465.259730,99.560
1769725465.288007,99.570
1769725465.317558,99.560
1769725465.341511,99.570
1769725465.370555,99.560
1769725465.431689,99.550
1769725465.434690,99.550
1769725465.456689,99.550
1769725465.485693,99.550
1769725465.513555,99.550
1769725465.542483,99.550
1769725465.571506,99.560
1769725465.599581,99.550
1769725465.624990,99.550
1769725465.653094,99.550
1769725465.682039,99.550
1769725465.711939,99.560
1769725465.738765,99.550
1769725465.767957,99.570
1769725465.797036,99.550
1769725465.824681,99.560
1769725465.853676,99.550
1769725465.883032,99.550
1769725465.910757,99.550
1769725465.936858,99.560
1769725465.964859,99.550
1769725465.992862,99.550
1769725466.022074,99.560
1769725466.051068,99.550
1769725466.079170,99.560
1769725466.109092,99.540
1769725466.136469,99.540
1769725466.164906,99.550
1769725466.193673,99.540
1769725466.218645,99.550
1769725466.246288,99.550
1769725466.275373,99.540
1769725466.304216,99.550
1769725466.333344,99.550
1769725466.361438,99.550
1769725466.390616,99.560
1769725466.418231,99.550
1769725466.447451,99.540
1769725466.476077,99.560
1769725466.500286,99.550
1769725466.529145,99.550
1769725466.558585,99.550
1769725466.587625,99.560
1769725466.615397,99.550
1769725466.644255,99.540
1769725466.673380,99.560
1769725466.701514,99.550
1769725466.730297,99.560
1769725466.759266,99.550
1769725466.784368,99.550
1769725466.811975,99.560
1769725466.840755,99.560
1769725466.869800,99.560
1769725466.898825,99.560
1769725466.927268,99.550
1769725466.955226,99.560
1769725466.984236,99.550
1769725467.012914,99.550
1769725467.041472,99.560
1769725467.070500,99.560
1769725467.095474,99.560
1769725467.124376,99.560
1769725467.153412,99.560
1769725467.181386,99.560
1769725467.209547,99.560
1769725467.239356,99.560
1769725467.267727,99.560
1769725467.295483,99.560
1769725467.324522,99.550
1769725467.352592,99.550
1769725467.377547,99.560
1769725467.406130,99.560
1769725467.435123,99.570
1769725467.464123,99.550
1769725467.492121,99.550
1769725467.522058,99.550
1769725467.550032,99.550
1769725467.579017,99.560
1769725467.607167,99.550
1769725467.635812,99.550
1769725467.660845,99.550
1769725467.689795,99.560
1769725467.718034,99.550
1769725467.746346,99.550
1769725467.774844,99.550
1769725467.803359,99.560
1769725467.833032,99.550
1769725467.860922,99.550
1769725467.889738,99.560
1769725467.918713,99.550
1769725467.942652,99.550
1769725467.971998,99.560
1769725467.999625,99.560
1769725468.029562,99.560
1769725468.058057,99.550
1769725468.086562,99.550
1769725468.114943,99.550
1769725468.143757,99.550
1769725468.172827,99.550
1769725468.201261,99.550
1769725468.225987,99.550
1769725468.254987,99.560
1769725468.283397,99.560
1769725468.311629,99.550
1769725468.340389,99.560
1769725468.369042,99.560
1769725468.397940,99.560
1769725468.426844,99.560
1769725468.455817,99.550
1769725468.483082,99.550
1769725468.511664,99.550
1769725468.537275,99.550
1769725468.565754,99.550
1769725468.594343,99.550
1769725468.624063,99.560
1769725468.651756,99.560
1769725468.680829,99.550
1769725468.709460,99.560
1769725468.738334,99.550
1769725468.766572,99.560
1769725468.794616,99.550
1769725468.820238,99.560
1769725468.848230,99.560
1769725468.876736,99.550
1769725468.905675,99.550
1769725468.934911,99.550
1769725468.962914,99.560
1769725468.991947,99.550
1769725469.020311,99.560
1769725469.049289,99.550
1769725469.077304,99.550
1769725469.103252,99.550
1769725469.130815,99.540
1769725469.159563,99.560
1769725469.189040,99.560
1769725469.217213,99.550
1769725469.245867,99.560
1769725469.274311,99.550
1769725469.303380,99.560
1769725469.332273,99.550
1769725469.360388,99.550
1769725469.392770,99.550
1769725469.413709,99.550
1769725469.442522,99.540
1769725469.471535,99.550
1769725469.499864,99.550
1769725469.528405,99.560
1769725469.557794,99.550
1769725469.585481,99.550
1769725469.614458,99.550
1769725469.642741,99.550
1769725469.667746,99.550
1769725469.696316,99.560
1769725469.726097,99.550
1769725469.754099,99.550
1769725469.782643,99.550
1769725469.811858,99.540
1769725469.840621,99.560
1769725469.868494,99.550
1769725469.897091,99.560
1769725469.925981,99.550
1769725469.954185,99.550
1769725469.979125,99.560
1769725470.008375,99.550
1769725470.037174,99.550
1769725470.065853,99.560
1769725470.094805,99.550
1769725470.123661,99.550
1769725470.151724,99.550
1769725470.179745,99.560
1769725470.208138,99.560
1769725470.237130,99.560
1769725470.262096,99.560
1769725470.290032,99.550
1769725470.319138,99.540
1769725470.347722,99.550
1769725470.376832,99.540
1769725470.406096,99.550
1769725470.433623,99.550
1769725470.469795,99.550
1769725470.491077,99.540
1769725470.519704,99.560
1769725470.544571,99.550
1769725470.573534,99.540
1769725470.602573,99.560
1769725470.630561,99.550
1769725470.659519,99.550
1769725470.688565,99.560
1769725470.716671,99.550
1769725470.744573,99.550
1769725470.773925,99.540
1769725470.802350,99.540
1769725470.826894,99.550
1769725470.855902,99.560
1769725470.884394,99.550
1769725470.912995,99.550
1769725470.942111,99.550
1769725470.970111,99.560
1769725470.999414,99.560
1769725471.027519,99.550
1769725471.056540,99.550
1769725471.084526,99.560
1769725471.114022,99.560
1769725471.138952,99.560
1769725471.166908,99.550
1769725471.195913,99.550
1769725471.225888,99.540
1769725471.253842,99.560
1769725471.281770,99.550
1769725471.310866,99.550
1769725471.339693,99.550
1769725471.367756,99.550
1769725471.395805,99.550
1769725471.420795,99.550
1769725471.450265,99.550
1769725471.478265,99.560
1769725471.507506,99.560
1769725471.536034,99.550
1769725471.565032,99.560
1769725471.592984,99.550
1769725471.622117,99.540
1769725471.650703,99.570
1769725471.678793,99.550
1769725471.703713,99.560
1769725471.731817,99.560
1769725471.760957,99.540
1769725471.789994,99.560
1769725471.818989,99.540
1769725471.847703,99.550
1769725471.875380,99.550
1769725471.904665,99.550
1769725471.933292,99.550
1769725471.961377,99.550
1769725471.986118,99.550
1769725472.014689,99.550
1769725472.043687,99.550
1769725472.072814,99.550
1769725472.101600,99.540
1769725472.129567,99.550
1769725472.158336,99.550
1769725472.186362,99.550
1769725472.215265,99.550
1769725472.243981,99.550
1769725472.273020,99.560
1769725472.297803,99.540
1769725472.325936,99.560
1769725472.355108,99.550
1769725472.384186,99.550
1769725472.412423,99.550
1769725472.440949,99.550
1769725472.470015,99.550
1769725472.498032,99.550
1769725472.527311,99.550
1769725472.555501,99.540
1769725472.579809,99.550
1769725472.609270,99.540
1769725472.637676,99.540
1769725472.666726,99.550
1769725472.695304,99.540
1769725472.724346,99.550
1769725472.752922,99.550
1769725472.780670,99.570
1769725472.809306,99.550
1769725472.838010,99.540
1769725472.862934,99.560
1769725472.892188,99.550
1769725472.920994,99.550
1769725472.949479,99.550
1769725472.977528,99.550
1769725473.006485,99.540
1769725473.034269,99.540
1769725473.062841,99.560
1769725473.092090,99.550
1769725473.120808,99.560
1769725473.145326,99.550
1769725473.174274,99.550
1769725473.202761,99.550
1769725473.231646,99.550
1769725473.260274,99.540
1769725473.289447,99.550
1769725473.317513,99.550
1769725473.347017,99.550
1769725473.375014,99.560
1769725473.403511,99.550
1769725473.431675,99.540
1769725473.456299,99.550
1769725473.485907,99.540
1769725473.514891,99.540
1769725473.543426,99.550
1769725473.572695,99.540
1769725473.600598,99.540
1769725473.629209,99.550
1769725473.658171,99.550
1769725473.686754,99.550
1769725473.714935,99.540
1769725473.740422,99.540
1769725473.768956,99.540
1769725473.796976,99.550
1769725473.825945,99.550
1769725473.855532,99.550
1769725473.883651,99.560
1769725473.911749,99.540
1769725473.940918,99.550
1769725473.968954,99.550
1769725473.997307,99.550
1769725474.021829,99.540
1769725474.050895,99.550
1769725474.079858,99.540
1769725474.108076,99.540
1769725474.137291,99.550
1769725474.165689,99.540
1769725474.194636,99.550
1769725474.223788,99.550
1769725474.251540,99.550
1769725474.279856,99.550
1769725474.308807,99.550
1769725474.334606,99.550
1769725474.362548,99.550
1769725474.391973,99.550
1769725474.419980,99.550
1769725474.448090,99.560
1769725474.477025,99.550
1769725474.506214,99.550
1769725474.533831,99.560
1769725474.563205,99.550
1769725474.591154,99.550
1769725474.616228,99.550
1769725474.644621,99.550
1769725474.674542,99.540
1769725474.703169,99.550
1769725474.731067,99.550
1769725474.760029,99.550
1769725474.789078,99.550
1769725474.816023,99.560
1769725474.845914,99.540
1769725474.874254,99.550
1769725474.899247,99.550
1769725474.927284,99.530
1769725474.956265,99.540
1769725474.984682,99.540
1769725475.013680,99.550
1769725475.042043,99.540
1769725475.071664,99.540
1769725475.099676,99.540
1769725475.128000,99.540
1769725475.157058,99.550
1769725475.185250,99.550
1769725475.210245,99.550
1769725475.239203,99.550
1769725475.267199,99.550
1769725475.296370,99.550
1769725475.324501,99.550
1769725475.353271,99.550
1769725475.382229,99.550
1769725475.410720,99.550
1769725475.439791,99.550
1769725475.467909,99.550
1769725475.493035,99.550
1769725475.521274,99.560
1769725475.550040,99.540
1769725475.578433,99.540
1769725475.607480,99.550
1769725475.636245,99.550
1769725475.664338,99.540
1769725475.693340,99.550
1769725475.723431,99.550
1769725475.751156,99.540
1769725475.776094,99.550
1769725475.805268,99.540
1769725475.832895,99.540
1769725475.861819,99.550
1769725475.891820,99.560
1769725475.918870,99.540
1769725475.947087,99.550
1769725475.976050,99.540
1769725476.005042,99.550
1769725476.033750,99.540
1769725476.058044,99.550
1769725476.087148,99.550
1769725476.115542,99.540
1769725476.144437,99.540
1769725476.172684,99.550
1769725476.201427,99.550
1769725476.229734,99.550
1769725476.258789,99.540
1769725476.287837,99.560
1769725476.315858,99.540
1769725476.344536,99.560
1769725476.369550,99.540
1769725476.397975,99.550
1769725476.427049,99.550
1769725476.456594,99.550
1769725476.484608,99.540
1769725476.512514,99.550
1769725476.541397,99.550
1769725476.570498,99.560
1769725476.598483,99.550
1769725476.627594,99.540
1769725476.652299,99.550
1769725476.680671,99.550
1769725476.709535,99.550
1769725476.738461,99.550
1769725476.766814,99.550
1769725476.795501,99.550
1769725476.824615,99.550
1769725476.853364,99.550
1769725476.881644,99.540
1769725476.910591,99.540
1769725476.935049,99.540
1769725476.963037,99.550
1769725476.991991,99.540
1769725477.021047,99.550
1769725477.050180,99.550
1769725477.078164,99.540
1769725477.106397,99.540
1769725477.135457,99.540
1769725477.164271,99.540
1769725477.192098,99.550
1769725477.221372,99.540
1769725477.245996,99.550
1769725477.275238,99.550
1769725477.303545,99.540
1769725477.332275,99.550
1769725477.360883,99.550
1769725477.391360,99.550
1769725477.418394,99.540
1769725477.446257,99.550
1769725477.475208,99.550
1769725477.504439,99.550
1769725477.528631,99.540
1769725477.557035,99.550
1769725477.586110,99.540
1769725477.614277,99.550
1769725477.643075,99.540
1769725477.672557,99.540
1769725477.701143,99.540
1769725477.728768,99.550
1769725477.758069,99.560
1769725477.786885,99.550
1769725477.814966,99.540
1769725477.841361,99.540
1769725477.869566,99.530
1769725477.897561,99.540
1769725477.926823,99.540
1769725477.953920,99.540
1769725477.983697,99.530
1769725478.011787,99.530
1769725478.040731,99.540
1769725478.069725,99.540
1769725478.098077,99.540
1769725478.124082,99.540
1769725478.151506,99.540
1769725478.180438,99.550
1769725478.208909,99.540
1769725478.237264,99.540
1769725478.266109,99.550
1769725478.295111,99.540
1769725478.323663,99.540
1769725478.352448,99.550
1769725478.380285,99.540
1769725478.405855,99.540
1769725478.433912,99.540
1769725478.463139,99.540
1769725478.492143,99.540
1769725478.520271,99.550
1769725478.549200,99.540
1769725478.577196,99.550
1769725478.606251,99.560
1769725478.635151,99.540
1769725478.663011,99.530
1769725478.692121,99.550
1769725478.716801,99.540
1769725478.744840,99.540
1769725478.774331,99.550
1769725478.802834,99.540
1769725478.831621,99.540
1769725478.860166,99.550
1769725478.888200,99.540
1769725478.917310,99.540
1769725478.945802,99.540
1769725478.974097,99.530
1769725478.998718,99.540
1769725479.027645,99.540
1769725479.056804,99.550
1769725479.085078,99.550
1769725479.114124,99.540
1769725479.142613,99.540
1769725479.172027,99.550
1769725479.200122,99.550
1769725479.228395,99.540
1769725479.257218,99.550
1769725479.286059,99.540
1769725479.310928,99.530
1769725479.340644,99.540
1769725479.368246,99.540
1769725479.397214,99.540
1769725479.425529,99.540
1769725479.454097,99.540
1769725479.483018,99.540
1769725479.511091,99.530
1769725479.540857,99.550
1769725479.569103,99.530
1769725479.593805,99.540
1769725479.622808,99.540
1769725479.651799,99.530
1769725479.679820,99.540
1769725479.708331,99.540
1769725479.736481,99.540
1769725479.765043,99.540
1769725479.793515,99.550
1769725479.822464,99.550
1769725479.851137,99.540
1769725479.875539,99.550
1769725479.905157,99.550
1769725479.933357,99.540
1769725479.961998,99.550
1769725479.990315,99.540
1769725480.019495,99.540
1769725480.048404,99.540
1769725480.077411,99.550
1769725480.105427,99.540
1769725480.133888,99.550
1769725480.162732,99.550
1769725480.186691,99.550
1769725480.215694,99.550
1769725480.244639,99.550
1769725480.273997,99.530
1769725480.301743,99.540
1769725480.330921,99.540
1769725480.360192,99.540
1769725480.388258,99.550
1769725480.416784,99.540
1769725480.445310,99.540
1769725480.470263,99.540
1769725480.498791,99.540
1769725480.528043,99.540
1769725480.556738,99.530
1769725480.584804,99.540
1769725480.613438,99.540
1769725480.642318,99.540
1769725480.670406,99.530
1769725480.699406,99.540
1769725480.727367,99.550
1769725480.752145,99.540
1769725480.781061,99.540
1769725480.810005,99.530
1769725480.838504,99.540
1769725480.867186,99.540
1769725480.896088,99.550
1769725480.926080,99.540
1769725480.953307,99.540
1769725480.981728,99.540
1769725481.010812,99.540
1769725481.038830,99.530
1769725481.063463,99.540
1769725481.093364,99.530
1769725481.121409,99.530
1769725481.150604,99.540
1769725481.179236,99.540
1769725481.208198,99.540
1769725481.236975,99.540
1769725481.264868,99.540
1769725481.293236,99.540
1769725481.321822,99.540
1769725481.346563,99.540
1769725481.375711,99.540
1769725481.403842,99.540
1769725481.432726,99.540
1769725481.461923,99.530
1769725481.491054,99.530
1769725481.518040,99.530
1769725481.547335,99.530
1769725481.576199,99.550
1769725481.604290,99.540
1769725481.632832,99.530
1769725481.661796,99.540
1769725481.687003,99.540
1769725481.715996,99.540
1769725481.745172,99.540
1769725481.772666,99.540
1769725481.801353,99.540
1769725481.829975,99.550
1769725481.858517,99.550
1769725481.887817,99.540
1769725481.915539,99.540
1769725481.941996,99.540
1769725481.969505,99.540
1769725481.997519,99.550
1769725482.025416,99.540
1769725482.055552,99.540
1769725482.084226,99.540
1769725482.112774,99.540
1769725482.140600,99.540
1769725482.170263,99.540
1769725482.198536,99.540
1769725482.224895,99.530
1769725482.252087,99.540
1769725482.281039,99.550
1769725482.310038,99.540
1769725482.338185,99.540
1769725482.367295,99.540
1769725482.395358,99.540
1769725482.424374,99.530
1769725482.453016,99.550
1769725482.481099,99.540
1769725482.509778,99.540
1769725482.534837,99.540
1769725482.562939,99.540
1769725482.593050,99.540
1769725482.621089,99.530
1769725482.649516,99.540
1769725482.678473,99.540
1769725482.707909,99.540
1769725482.735031,99.550
1769725482.763571,99.530
1769725482.792794,99.550
1769725482.817840,99.540
1769725482.845819,99.540
1769725482.876172,99.540
1769725482.903477,99.540
1769725482.932541,99.550
1769725482.961040,99.540
1769725482.989081,99.540
1769725483.017283,99.540
1769725483.058982,99.540
1769725483.074640,99.540
1769725483.103766,99.540
1769725483.128062,99.540
1769725483.157565,99.540
1769725483.185680,99.540
1769725483.214852,99.540
1769725483.243995,99.540
1769725483.271667,99.540
1769725483.300803,99.540
1769725483.328646,99.540
1769725483.357570,99.540
1769725483.386562,99.540
1769725483.410517,99.540
1769725483.439528,99.530
1769725483.468422,99.530
1769725483.497410,99.550
1769725483.526413,99.540
1769725483.555234,99.540
1769725483.583215,99.540
1769725483.612166,99.530
1769725483.640340,99.540
1769725483.668822,99.540
1769725483.697759,99.540
1769725483.722812,99.540
1769725483.751618,99.550
1769725483.779572,99.550
1769725483.809144,99.540
1769725483.838310,99.540
1769725483.865885,99.540
1769725483.895024,99.540
1769725483.923073,99.530
1769725483.951433,99.550
1769725483.980434,99.540
1769725484.004846,99.530
1769725484.033859,99.540
1769725484.063015,99.540
1769725484.090381,99.540
1769725484.120505,99.540
1769725484.149200,99.530
1769725484.178205,99.530
1769725484.206638,99.530
1769725484.235363,99.540
1769725484.263321,99.540
1769725484.288221,99.540
1769725484.316205,99.530
1769725484.345437,99.540
1769725484.374079,99.540
1769725484.402454,99.540
1769725484.431699,99.530
1769725484.459417,99.530
1769725484.488430,99.530
1769725484.516989,99.550
1769725484.545159,99.550
1769725484.574177,99.540
1769725484.599235,99.540
1769725484.629223,99.540
1769725484.657055,99.530
1769725484.686065,99.530
1769725484.714010,99.540
1769725484.743184,99.540
1769725484.771767,99.540
1769725484.799768,99.540
1769725484.828765,99.530
1769725484.857322,99.540
1769725484.881854,99.530
1769725484.911090,99.530
1769725484.939216,99.540
1769725484.967927,99.540
1769725484.996214,99.540
1769725485.025209,99.530
1769725485.053578,99.530
1769725485.082584,99.530
1769725485.110580,99.550
1769725485.140133,99.530
1769725485.164856,99.550
1769725485.192753,99.530
1769725485.221889,99.540
1769725485.250099,99.520
1769725485.279469,99.540
1769725485.309565,99.540
1769725485.336638,99.530
1769725485.365403,99.530
1769725485.394396,99.530
1769725485.422405,99.530
1769725485.451628,99.530
1769725485.476616,99.520
1769725485.504620,99.530
1769725485.533564,99.540
1769725485.562048,99.530
1769725485.591060,99.530
1769725485.619561,99.540
1769725485.648408,99.540
1769725485.677298,99.530
1769725485.705302,99.530
1769725485.732999,99.540
1769725485.759395,99.540
1769725485.787246,99.530
1769725485.816234,99.530
1769725485.845662,99.530
1769725485.873801,99.530
1769725485.901934,99.540
1769725485.931110,99.540
1769725485.960006,99.540
1769725485.988064,99.530
1769725486.015977,99.540
1769725486.044603,99.530
1769725486.070266,99.530
1769725486.098544,99.530
1769725486.127789,99.540
1769725486.155430,99.530
1769725486.185399,99.530
1769725486.213348,99.540
1769725486.242865,99.530
1769725486.270710,99.540
1769725486.299702,99.530
1769725486.327681,99.540
1769725486.352743,99.540
1769725486.380883,99.540
1769725486.410366,99.540
1769725486.438412,99.540
1769725486.467219,99.540
1769725486.495762,99.520
1769725486.524775,99.530
1769725486.553613,99.540
1769725486.581305,99.540
1769725486.610540,99.530
1769725486.635324,99.550
1769725486.663625,99.540
1769725486.692907,99.540
1769725486.722079,99.540
1769725486.749983,99.540
1769725486.778790,99.530
1769725486.808255,99.530
1769725486.835869,99.540
1769725486.864022,99.530
1769725486.893018,99.550
1769725486.922023,99.530
1769725486.946405,99.520
1769725486.976199,99.530
1769725487.003156,99.530
1769725487.032072,99.540
1769725487.061163,99.530
1769725487.089425,99.540
1769725487.118392,99.530
1769725487.146528,99.530
1769725487.175239,99.530
1769725487.204274,99.540
1769725487.228522,99.540
1769725487.257640,99.540
1769725487.286605,99.550
1769725487.315639,99.540
1769725487.343742,99.530
1769725487.372596,99.530
1769725487.401582,99.540
1769725487.429556,99.520
1769725487.458449,99.530
1769725487.487359,99.530
1769725487.515743,99.530
1769725487.540638,99.540
1769725487.568861,99.540
1769725487.597793,99.550
1769725487.626611,99.540
1769725487.654253,99.530
1769725487.683987,99.530
1769725487.712039,99.530
1769725487.741152,99.540
1769725487.770211,99.540
1769725487.798562,99.530
1769725487.822953,99.540
1769725487.851786,99.530
1769725487.880405,99.540
1769725487.909333,99.530
1769725487.937729,99.530
1769725487.972268,99.540
1769725487.994947,99.540
1769725488.023929,99.540
1769725488.052084,99.540
1769725488.080886,99.540
1769725488.105704,99.530
1769725488.134110,99.530
1769725488.163334,99.540
1769725488.192368,99.530
1769725488.220366,99.530
1769725488.249500,99.540
1769725488.277740,99.540
1769725488.305747,99.550
1769725488.335492,99.540
1769725488.363193,99.540
1769725488.392742,99.530
1769725488.416241,99.530
1769725488.445222,99.530
1769725488.474209,99.540
1769725488.502983,99.530
1769725488.531590,99.530
1769725488.560642,99.540
1769725488.588841,99.540
1769725488.618362,99.530
1769725488.646906,99.550
1769725488.675103,99.540
1769725488.700041,99.530
1769725488.729044,99.530
1769725488.757079,99.540
1769725488.785729,99.530
1769725488.814605,99.520
1769725488.843641,99.530
1769725488.870778,99.540
1769725488.900519,99.530
1769725488.929299,99.540
1769725488.958091,99.530
1769725488.985963,99.530
1769725489.010854,99.540
1769725489.039797,99.530
1769725489.068527,99.530
1769725489.096536,99.540
1769725489.125459,99.530
1769725489.155177,99.540
1769725489.183494,99.540
1769725489.213392,99.530
1769725489.240475,99.530
1769725489.269558,99.540
1769725489.293852,99.540
1769725489.323026,99.540
1769725489.351117,99.530
1769725489.379473,99.540
1769725489.409313,99.540
1769725489.437062,99.530
1769725489.465892,99.530
1769725489.494890,99.540
1769725489.523014,99.530
1769725489.552112,99.520
1769725489.579873,99.540
1769725489.604815,99.530
1769725489.633648,99.530
1769725489.662445,99.530
1769725489.690755,99.530
1769725489.719911,99.530
1769725489.748430,99.540
1769725489.777489,99.520
1769725489.805459,99.540
1769725489.833541,99.530
1769725489.863244,99.530
1769725489.887398,99.530
1769725489.916313,99.530
1769725489.945631,99.520
1769725489.974372,99.510
1769725490.002599,99.510
1769725490.031591,99.520
1769725490.059709,99.540
1769725490.088023,99.540
1769725490.117011,99.530
1769725490.145867,99.550
1769725490.170453,99.540
1769725490.199210,99.540
1769725490.227527,99.540
1769725490.256688,99.530
1769725490.285213,99.530
1769725490.313548,99.540
1769725490.342453,99.540
1769725490.371343,99.530
1769725490.399960,99.530
1769725490.427964,99.540
1769725490.456979,99.530
1769725490.481955,99.530
1769725490.510224,99.540
1769725490.539435,99.530
1769725490.567546,99.530
1769725490.596558,99.540
1769725490.625564,99.530
1769725490.653924,99.540
1769725490.682446,99.540
1769725490.710593,99.540
1769725490.739763,99.530
1769725490.765176,99.540
1769725490.793772,99.530
1769725490.821751,99.540
1769725490.850322,99.540
1769725490.879815,99.530
1769725490.908769,99.530
1769725490.937028,99.530
1769725490.965181,99.530
1769725490.994194,99.530
1769725491.022226,99.530
1769725491.050864,99.530
1769725491.075539,99.540
1769725491.104512,99.540
1769725491.133256,99.530
1769725491.161290,99.540
1769725491.190036,99.540
1769725491.219576,99.530
1769725491.247861,99.530
1769725491.276470,99.530
1769725491.305175,99.540
1769725491.333308,99.530
1769725491.358420,99.520
1769725491.387123,99.540
1769725491.415089,99.530
1769725491.444128,99.520
1769725491.472837,99.530
1769725491.501914,99.530
1769725491.530120,99.530
1769725491.559419,99.530
1769725491.588210,99.530
1769725491.616182,99.530
1769725491.641196,99.520
1769725491.669778,99.530
1769725491.697778,99.530
1769725491.726792,99.530
1769725491.755927,99.530
1769725491.784359,99.530
1769725491.813197,99.540
1769725491.842400,99.520
1769725491.870444,99.530
1769725491.899362,99.540
1769725491.927366,99.530
1769725491.952377,99.530
1769725491.981327,99.540
1769725492.010306,99.520
1769725492.038828,99.540
1769725492.066685,99.540
1769725492.096141,99.530
1769725492.125140,99.530
1769725492.153072,99.530
1769725492.181325,99.530
1769725492.209347,99.530
1769725492.235094,99.530
1769725492.263948,99.540
1769725492.292974,99.530
1769725492.321088,99.530
1769725492.349581,99.540
1769725492.378590,99.540
1769725492.408052,99.530
1769725492.436051,99.530
1769725492.464796,99.530
1769725492.493329,99.520
1769725492.521608,99.530
1769725492.545506,99.530
1769725492.575325,99.530
1769725492.604333,99.530
1769725492.632342,99.530
1769725492.662351,99.540
1769725492.690209,99.530
1769725492.717952,99.540
1769725492.746990,99.540
1769725492.776350,99.520
1769725492.804222,99.530
1769725492.828958,99.530
1769725492.858117,99.520
1769725492.886488,99.530
1769725492.915628,99.530
1769725492.944978,99.530
1769725492.972080,99.540
1769725493.008079,99.530
1769725493.029664,99.520
1769725493.057718,99.520
1769725493.086495,99.520
1769725493.115547,99.520
1769725493.140593,99.510
1769725493.169440,99.520
1769725493.198426,99.520
1769725493.226458,99.520
1769725493.255580,99.530
1769725493.283309,99.520
1769725493.312325,99.530
1769725493.340316,99.520
1769725493.369434,99.530
1769725493.398116,99.520
1769725493.422876,99.520
1769725493.451321,99.530
1769725493.480084,99.520
1769725493.508956,99.520
1769725493.538150,99.510
1769725493.566757,99.520
1769725493.594912,99.530
1769725493.623929,99.520
1769725493.651989,99.530
1769725493.680799,99.520
1769725493.708803,99.520
1769725493.733789,99.520
1769725493.762863,99.530
1769725493.791759,99.520
1769725493.820739,99.530
1769725493.849829,99.530
1769725493.878667,99.530
1769725493.906403,99.540
1769725493.935014,99.520
1769725493.964089,99.520
1769725493.992779,99.530
1769725494.016827,99.530
1769725494.046790,99.510
1769725494.074406,99.520
1769725494.103712,99.510
1769725494.131657,99.520
1769725494.160832,99.520
1769725494.188676,99.520
1769725494.217623,99.520
1769725494.246114,99.510
1769725494.275087,99.520
1769725494.299144,99.520
1769725494.329051,99.530
1769725494.357216,99.510
1769725494.385983,99.520
1769725494.414370,99.530
1769725494.443324,99.530
1769725494.472199,99.530
1769725494.500331,99.530
1769725494.529247,99.520
1769725494.557935,99.530
1769725494.585952,99.530
1769725494.611834,99.530
1769725494.639870,99.530
1769725494.668964,99.530
1769725494.697489,99.530
1769725494.727443,99.530
1769725494.754432,99.530
1769725494.782880,99.520
1769725494.811883,99.520
1769725494.839970,99.540
1769725494.869026,99.530
1769725494.895562,99.530
1769725494.922607,99.530
1769725494.951283,99.530
1769725494.979854,99.530
1769725495.008787,99.520
1769725495.036782,99.520
1769725495.065830,99.540
1769725495.094621,99.530
1769725495.122908,99.530
1769725495.151185,99.530
1769725495.180038,99.530
1769725495.205118,99.530
1769725495.233592,99.520
1769725495.262109,99.520
1769725495.298035,99.520
1769725495.319098,99.510
1769725495.348253,99.520
1769725495.377160,99.520
1769725495.405576,99.540
1769725495.434520,99.530
1769725495.462838,99.530
1769725495.487410,99.520
1769725495.516363,99.530
1769725495.544928,99.520
1769725495.573278,99.530
1769725495.602156,99.530
1769725495.630784,99.520
1769725495.659958,99.530
1769725495.688123,99.520
1769725495.717172,99.530
1769725495.745865,99.540
1769725495.770190,99.530
1769725495.798899,99.520
1769725495.827804,99.530
1769725495.855909,99.520
1769725495.885595,99.520
1769725495.914691,99.520
1769725495.943689,99.530
1769725495.971798,99.520
1769725496.000247,99.520
1769725496.028548,99.530
1769725496.056470,99.530
1769725496.082304,99.530
1769725496.111307,99.530
1769725496.139599,99.530
1769725496.167518,99.530
1769725496.197343,99.530
1769725496.226339,99.540
1769725496.253331,99.530
1769725496.282051,99.530
1769725496.310796,99.530
1769725496.339793,99.530
1769725496.363811,99.530
1769725496.393550,99.530
1769725496.422072,99.530
1769725496.451076,99.530
1769725496.479939,99.530
1769725496.507949,99.530
1769725496.536059,99.530
1769725496.564964,99.530
1769725496.594096,99.530
1769725496.622096,99.530
1769725496.650938,99.540
1769725496.675175,99.520
1769725496.703900,99.530
1769725496.732897,99.530
1769725496.762173,99.530
1769725496.790736,99.530
1769725496.818831,99.530
1769725496.847529,99.530
1769725496.876462,99.540
1769725496.904675,99.530
1769725496.933667,99.530
1769725496.958680,99.530
1769725496.987506,99.530
1769725497.015951,99.530
1769725497.043962,99.530
1769725497.073101,99.530
1769725497.101879,99.530
1769725497.129897,99.530
1769725497.158880,99.530
1769725497.187725,99.530
1769725497.215627,99.530
1769725497.244733,99.520
1769725497.269332,99.520
1769725497.298760,99.530
1769725497.328801,99.520
1769725497.355800,99.530
1769725497.384655,99.520
1769725497.413648,99.520
1769725497.441646,99.520
1769725497.470699,99.520
1769725497.498513,99.530
1769725497.527868,99.530
1769725497.552178,99.530
1769725497.581041,99.530
1769725497.610028,99.530
1769725497.637951,99.530
1769725497.666608,99.520
1769725497.695503,99.520
1769725497.724459,99.530
1769725497.752404,99.520
1769725497.780971,99.510
1769725497.810204,99.530
1769725497.838232,99.530
1769725497.863643,99.530
1769725497.891823,99.520
1769725497.920629,99.530
1769725497.949353,99.530
1769725497.977678,99.520
1769725498.006002,99.510
1769725498.035976,99.530
1769725498.063975,99.530
1769725498.093879,99.520
1769725498.121210,99.530
1769725498.146197,99.530
1769725498.175217,99.520
1769725498.203953,99.530
1769725498.232957,99.540
1769725498.261955,99.520
1769725498.289807,99.530
1769725498.317821,99.530
1769725498.346964,99.530
1769725498.375194,99.530
1769725498.403685,99.530
1769725498.428702,99.520
1769725498.458230,99.520
1769725498.486109,99.520
1769725498.515126,99.520
1769725498.544121,99.520
1769725498.572232,99.530
1769725498.600941,99.520
1769725498.629941,99.520
1769725498.657941,99.520
1769725498.686746,99.520
1769725498.715755,99.520
1769725498.740750,99.520
1769725498.768858,99.520
1769725498.797341,99.530
1769725498.827369,99.520
1769725498.855339,99.520
1769725498.884100,99.530
1769725498.912199,99.520
1769725498.941206,99.530
1769725498.969226,99.520
1769725498.998342,99.520
1769725499.023362,99.520
1769725499.051312,99.520
1769725499.080386,99.530
1769725499.109053,99.520
1769725499.137928,99.520
1769725499.165761,99.520
1769725499.194553,99.520
1769725499.223604,99.530
1769725499.252542,99.520
1769725499.280931,99.520
1769725499.309517,99.520
1769725499.334574,99.530
1769725499.362925,99.530
1769725499.392477,99.520
1769725499.420476,99.520
1769725499.448519,99.520
1769725499.477854,99.540
1769725499.506413,99.520
1769725499.534987,99.510
1769725499.563642,99.530
1769725499.592420,99.520
1769725499.616938,99.520
1769725499.645942,99.520
1769725499.674652,99.530
1769725499.703152,99.520
1769725499.732098,99.520
1769725499.761118,99.530
1769725499.788751,99.520
1769725499.817514,99.530
1769725499.846421,99.520
1769725499.874701,99.520
1769725499.903341,99.510
1769725499.928229,99.520
1769725499.957226,99.530
1769725499.985453,99.520
1769725500.014519,99.520
1769725500.043033,99.520
1769725500.071090,99.520
1769725500.099810,99.530
1769725500.128855,99.530
1769725500.157634,99.530
1769725500.186029,99.530
1769725500.211095,99.520
1769725500.239638,99.520
1769725500.268588,99.540
1769725500.297393,99.520
1769725500.325401,99.530
1769725500.354259,99.520
1769725500.383302,99.520
1769725500.411911,99.510
1769725500.440429,99.510
1769725500.468899,99.520
1769725500.493297,99.520
1769725500.522265,99.520
1769725500.551229,99.510
1769725500.580489,99.520
1769725500.608336,99.520
1769725500.637273,99.520
1769725500.665385,99.520
1769725500.694804,99.520
1769725500.723150,99.530
1769725500.751646,99.530
1769725500.779802,99.530
1769725500.804614,99.520
1769725500.833494,99.530
1769725500.862795,99.520
1769725500.891148,99.520
1769725500.919225,99.520
1769725500.948094,99.520
1769725500.977224,99.520
1769725501.004793,99.510
1769725501.034404,99.510
1769725501.062447,99.530
1769725501.087126,99.520
1769725501.116116,99.520
1769725501.145088,99.520
1769725501.173224,99.530
1769725501.202385,99.530
1769725501.230390,99.520
1769725501.260387,99.530
1769725501.288195,99.530
1769725501.316576,99.530
1769725501.344203,99.520
1769725501.374165,99.530
1769725501.398542,99.530
1769725501.428515,99.520
1769725501.456549,99.520
1769725501.484807,99.530
1769725501.513268,99.520
1769725501.542464,99.520
1769725501.570724,99.520
1769725501.599329,99.530
1769725501.628431,99.530
1769725501.656741,99.530
1769725501.681723,99.520
1769725501.710823,99.520
1769725501.739157,99.530
1769725501.767271,99.520
1769725501.796333,99.540
1769725501.825541,99.520
1769725501.853592,99.520
1769725501.881956,99.520
1769725501.910547,99.520
1769725501.939556,99.520
1769725501.968064,99.520
1769725501.992965,99.530
1769725502.021212,99.520
1769725502.050272,99.520
1769725502.078158,99.530
1769725502.107911,99.520
1769725502.136023,99.510
1769725502.164893,99.520
1769725502.193764,99.520
1769725502.222714,99.530
1769725502.250800,99.520
1769725502.276136,99.520
1769725502.303423,99.520
1769725502.331672,99.520
1769725502.361505,99.520
1769725502.390117,99.520
1769725502.418468,99.530
1769725502.447650,99.530
1769725502.476079,99.530
1769725502.504274,99.520
1769725502.532943,99.520
1769725502.557721,99.530
1769725502.587005,99.520
1769725502.615845,99.530
1769725502.644881,99.530
1769725502.673062,99.530
1769725502.701718,99.520
1769725502.730713,99.530
1769725502.758703,99.530
1769725502.787845,99.520
1769725502.816332,99.530
1769725502.844338,99.510
1769725502.869798,99.520
1769725502.898235,99.530
1769725502.927458,99.520
1769725502.955775,99.520
1769725502.983954,99.510
1769725503.028480,99.520
1769725503.041473,99.520
1769725503.070070,99.510
1769725503.098736,99.520
1769725503.127717,99.520
1769725503.151828,99.530
1769725503.180848,99.510
1769725503.209660,99.510
1769725503.237618,99.520
1769725503.266354,99.520
1769725503.294813,99.520
1769725503.323801,99.520
1769725503.352790,99.510
1769725503.380969,99.510
1769725503.409972,99.510
1769725503.433930,99.520
1769725503.463013,99.520
1769725503.491735,99.520
1769725503.520755,99.520
1769725503.549726,99.510
1769725503.578436,99.520
1769725503.607258,99.510
1769725503.635243,99.520
1769725503.664245,99.520
1769725503.692814,99.520
1769725503.721759,99.510
1769725503.745790,99.510
1769725503.775778,99.520
1769725503.804203,99.520
1769725503.832171,99.520
1769725503.861169,99.510
1769725503.889313,99.510
1769725503.917973,99.520
1769725503.946846,99.510
1769725503.975890,99.530
1769725504.004431,99.530
1769725504.029433,99.520
1769725504.057436,99.510
1769725504.085511,99.520
1769725504.114560,99.520
1769725504.143576,99.510
1769725504.172476,99.520
1769725504.200828,99.510
1769725504.229832,99.500
1769725504.257997,99.510
1769725504.286984,99.520
1769725504.315104,99.520
1769725504.340100,99.520
1769725504.368519,99.510
1769725504.397300,99.520
1769725504.426461,99.520
1769725504.455092,99.520
1769725504.483200,99.530
1769725504.512146,99.520
1769725504.540143,99.530
1769725504.569369,99.520
1769725504.596998,99.520
1769725504.622476,99.520
1769725504.651251,99.530
1769725504.679845,99.520
1769725504.708548,99.520
1769725504.737963,99.520
1769725504.765617,99.520
1769725504.794992,99.520
1769725504.823323,99.520
1769725504.852008,99.530
1769725504.879994,99.520
1769725504.909380,99.530
1769725504.934335,99.520
1769725504.962583,99.520
1769725504.991566,99.530
1769725505.020099,99.520
1769725505.048659,99.510
1769725505.077175,99.520
1769725505.105865,99.520
1769725505.133971,99.520
1769725505.163133,99.520
1769725505.191436,99.530
1769725505.216328,99.520
1769725505.245215,99.520
1769725505.274413,99.530
1769725505.302287,99.520
1769725505.331157,99.520
1769725505.360043,99.510
1769725505.388117,99.530
1769725505.416690,99.530
1769725505.445526,99.530
1769725505.474653,99.530
1769725505.499043,99.530
1769725505.528044,99.530
1769725505.556768,99.520
1769725505.585102,99.520
1769725505.613651,99.520
1769725505.642874,99.520
1769725505.670982,99.520
1769725505.699806,99.530
1769725505.728412,99.520
1769725505.757413,99.520
1769725505.785794,99.530
1769725505.809773,99.520
1769725505.839058,99.510
1769725505.867611,99.520
1769725505.896461,99.510
1769725505.925474,99.510
1769725505.953559,99.520
1769725505.981990,99.520
1769725506.011087,99.530
1769725506.040082,99.530
1769725506.068454,99.520
1769725506.093313,99.520
1769725506.121556,99.530
1769725506.149742,99.520
1769725506.178374,99.520
1769725506.208399,99.510
1769725506.236432,99.520
1769725506.265409,99.510
1769725506.293519,99.530
1769725506.322265,99.520
1769725506.351311,99.520
1769725506.379106,99.520
1769725506.404832,99.520
1769725506.433317,99.530
1769725506.462115,99.520
1769725506.489630,99.520
1769725506.519495,99.520
1769725506.547294,99.530
1769725506.576458,99.530
1769725506.604976,99.530
1769725506.634397,99.520
1769725506.662414,99.530
1769725506.686134,99.520
1769725506.715475,99.520
1769725506.744473,99.530
1769725506.773478,99.530
1769725506.802331,99.520
1769725506.830627,99.530
1769725506.859627,99.520
1769725506.888093,99.520
1769725506.916182,99.520
1769725506.944884,99.530
1769725506.973608,99.520
1769725506.997882,99.520
1769725507.026662,99.520
1769725507.055480,99.510
1769725507.083996,99.510
1769725507.113415,99.520
1769725507.141331,99.530
1769725507.170769,99.530
1769725507.199272,99.520
1769725507.228899,99.520
1769725507.256239,99.520
1769725507.281351,99.520
1769725507.310136,99.530
1769725507.338152,99.520
1769725507.367137,99.530
1769725507.396255,99.520
1769725507.425025,99.520
1769725507.452997,99.520
1769725507.482118,99.520
1769725507.510889,99.530
1769725507.538960,99.520
1769725507.563479,99.520
1769725507.592619,99.520
1769725507.621338,99.530
1769725507.649356,99.510
1769725507.678681,99.530
1769725507.707527,99.520
1769725507.736587,99.520
1769725507.764279,99.520
1769725507.793500,99.520
1769725507.821342,99.530
1769725507.850011,99.530
1769725507.874640,99.520
1769725507.903475,99.510
1769725507.944476,99.520
1769725507.961479,99.530
1769725507.989593,99.520
1769725508.018333,99.520
1769725508.047345,99.520
1769725508.076172,99.510
1769725508.104278,99.520
1769725508.132800,99.520
1769725508.157799,99.520
1769725508.187007,99.520
1769725508.214732,99.510
1769725508.243757,99.510
1769725508.272735,99.510
1769725508.301603,99.500
1769725508.330596,99.510
1769725508.358623,99.510
1769725508.387608,99.510
1769725508.415200,99.510
1769725508.444209,99.520
1769725508.468818,99.520
1769725508.498208,99.520
1769725508.526220,99.510
1769725508.555003,99.520
1769725508.583930,99.520
1769725508.613386,99.520
1769725508.641399,99.520
1769725508.670382,99.520
1769725508.698131,99.520
1769725508.727248,99.510
1769725508.752246,99.530
1769725508.781245,99.530
1769725508.810117,99.530
1769725508.838089,99.530
1769725508.867088,99.530
1769725508.895571,99.530
1769725508.924285,99.520
1769725508.952284,99.530
1769725508.981289,99.520
1769725509.010164,99.520
1769725509.038500,99.510
1769725509.063496,99.520
1769725509.091640,99.520
1769725509.120363,99.520
1769725509.149039,99.530
1769725509.178109,99.520
1769725509.206737,99.530
1769725509.235247,99.530
1769725509.263292,99.520
1769725509.292125,99.520
1769725509.321398,99.520
1769725509.346037,99.520
1769725509.374291,99.520
1769725509.402754,99.520
1769725509.431894,99.530
1769725509.460896,99.520
1769725509.489039,99.520
1769725509.517776,99.520
1769725509.545750,99.530
1769725509.574762,99.520
1769725509.603599,99.510
1769725509.628498,99.520
1769725509.656690,99.530
1769725509.685791,99.520
1769725509.714525,99.530
1769725509.743521,99.530
1769725509.771900,99.530
1769725509.799988,99.520
1769725509.829193,99.530
1769725509.857388,99.520
1769725509.886606,99.520
1769725509.915349,99.520
1769725509.940320,99.510
1769725509.968312,99.520
1769725509.997421,99.520
1769725510.026166,99.520
1769725510.055191,99.520
1769725510.083180,99.510
1769725510.112072,99.520
1769725510.140065,99.520
1769725510.169131,99.530
1769725510.197672,99.520
1769725510.222245,99.520
1769725510.251231,99.520
1769725510.280219,99.520
1769725510.308098,99.520
1769725510.336989,99.520
1769725510.366373,99.520
1769725510.394303,99.530
1769725510.423131,99.510
1769725510.451540,99.510
1769725510.480538,99.510
1769725510.508462,99.520
1769725510.533453,99.520
1769725510.562440,99.520
1769725510.591459,99.520
1769725510.620767,99.510
1769725510.649771,99.520
1769725510.678774,99.520
1769725510.706560,99.520
1769725510.734564,99.520
1769725510.764553,99.510
1769725510.792032,99.520
1769725510.815944,99.530
1769725510.844930,99.520
1769725510.873940,99.520
1769725510.902670,99.520
1769725510.931788,99.520
1769725510.959781,99.520
1769725510.988897,99.520
1769725511.017514,99.520
1769725511.046506,99.510
1769725511.074939,99.520
1769725511.102682,99.520
1769725511.127795,99.510
1769725511.156819,99.510
1769725511.184742,99.510
1769725511.214202,99.520
1769725511.243258,99.520
1769725511.271128,99.520
1769725511.300235,99.500
1769725511.328177,99.510
1769725511.356642,99.520
1769725511.385638,99.510
1769725511.410467,99.510
1769725511.438725,99.510
1769725511.467923,99.510
1769725511.496745,99.510
1769725511.524619,99.510
1769725511.554430,99.520
1769725511.581891,99.510
1769725511.610973,99.520
1769725511.639444,99.510
1769725511.668234,99.520
1769725511.693258,99.510
1769725511.722593,99.510
1769725511.750596,99.520
1769725511.779783,99.510
1769725511.808238,99.510
1769725511.836239,99.520
1769725511.865266,99.510
1769725511.894493,99.520
1769725511.922419,99.510
1769725511.951332,99.510
1769725511.979944,99.520
1769725512.004395,99.510
1769725512.033692,99.520
1769725512.062700,99.510
1769725512.090942,99.520
1769725512.119963,99.530
1769725512.147922,99.520
1769725512.176959,99.520
1769725512.205083,99.510
1769725512.233592,99.520
1769725512.262545,99.520
1769725512.286954,99.510
1769725512.315645,99.510
1769725512.344637,99.530
1769725512.373129,99.520
1769725512.401590,99.510
1769725512.431191,99.520
1769725512.460179,99.510
1769725512.488187,99.520
1769725512.515928,99.520
1769725512.545727,99.520
1769725512.573906,99.520
1769725512.599518,99.520
1769725512.627391,99.520
1769725512.655723,99.510
1769725512.684242,99.520
1769725512.714550,99.520
1769725512.742568,99.510
1769725512.770762,99.520
1769725512.798373,99.510
1769725512.834594,99.510
1769725512.856110,99.510
1769725512.881131,99.510
1769725512.910053,99.510
1769725512.938150,99.520
1769725512.967123,99.510
1769725512.995974,99.520
1769725513.024752,99.530
1769725513.053741,99.510
1769725513.081686,99.520
1769725513.110312,99.510
1769725513.139244,99.500
1769725513.163671,99.510
1769725513.192871,99.510
1769725513.220702,99.510
1769725513.250597,99.520
1769725513.278655,99.510
1769725513.307804,99.520
1769725513.336039,99.510
1769725513.365033,99.520
1769725513.393031,99.510
1769725513.421264,99.520
1769725513.450140,99.520
1769725513.475259,99.510
1769725513.504192,99.520
1769725513.531832,99.520
1769725513.560375,99.510
1769725513.589569,99.510
1769725513.618337,99.510
1769725513.647271,99.520
1769725513.676123,99.520
1769725513.704462,99.520
1769725513.733151,99.520
1769725513.757114,99.520
1769725513.786092,99.510
1769725513.814950,99.510
1769725513.843977,99.510
1769725513.872947,99.530
1769725513.901066,99.500
1769725513.929842,99.520
1769725513.958892,99.520
1769725513.986946,99.520
1769725514.015570,99.520
1769725514.044575,99.520
1769725514.068640,99.510
1769725514.097732,99.520
1769725514.126423,99.520
1769725514.155478,99.510
1769725514.183848,99.520
1769725514.213498,99.520
1769725514.240504,99.520
1769725514.269549,99.510
1769725514.298268,99.520
1769725514.327231,99.510
1769725514.352311,99.520
1769725514.380227,99.520
1769725514.408826,99.510
1769725514.437459,99.510
1769725514.466277,99.520
1769725514.496291,99.520
1769725514.523794,99.520
1769725514.552253,99.510
1769725514.581478,99.520
1769725514.609025,99.520
1769725514.634669,99.520
1769725514.663630,99.510
1769725514.692431,99.500
1769725514.720843,99.520
1769725514.749145,99.510
1769725514.778193,99.520
1769725514.806875,99.510
1769725514.834990,99.510
1769725514.863762,99.510
1769725514.892395,99.510
1769725514.920522,99.510
1769725514.946417,99.510
1769725514.974279,99.520
1769725515.003536,99.510
1769725515.032186,99.510
1769725515.060228,99.510
1769725515.088493,99.510
1769725515.118000,99.510
1769725515.146401,99.520
1769725515.175364,99.520
1769725515.203524,99.520
1769725515.229109,99.510
1769725515.257638,99.510
1769725515.286124,99.520
1769725515.314603,99.510
1769725515.343642,99.510
1769725515.371587,99.510
1769725515.400550,99.520
1769725515.430225,99.510
1769725515.457429,99.510
1769725515.485994,99.510
1769725515.514476,99.500
1769725515.540152,99.520
1769725515.568595,99.510
1769725515.597887,99.510
1769725515.626583,99.520
1769725515.654495,99.520
1769725515.684781,99.510
1769725515.711478,99.510
1769725516.142179,99.510
1769725516.144517,99.510
1769725516.148097,99.500
1769725516.149494,99.520
1769725516.150964,99.510
1769725516.153415,99.530
1769725516.154768,99.510
1769725516.155828,99.520
1769725516.156779,99.510
1769725516.158783,99.510
1769725516.159780,99.520
1769725516.160777,99.520
1769725516.163783,99.500
1769725516.165818,99.520
1769725516.166777,99.510
1769725516.167778,99.510
1769725516.190871,99.510
1769725516.219617,99.520
1769725516.248300,99.520
1769725516.277864,99.510
1769725516.305871,99.520
1769725516.334567,99.510
1769725516.363549,99.510
1769725516.390760,99.510
1769725516.416725,99.520
1769725516.445774,99.510
1769725516.474442,99.510
1769725516.502530,99.510
1769725516.530668,99.520
1769725516.559727,99.520
1769725516.588711,99.520
1769725516.617486,99.510
1769725516.645841,99.510
1769725516.673998,99.510
1769725516.698846,99.520
1769725516.727711,99.520
1769725516.756738,99.510
1769725516.784811,99.520
1769725516.814290,99.510
1769725516.843241,99.520
1769725516.871236,99.510
1769725516.899490,99.520
1769725516.929113,99.520
1769725516.957118,99.510
1769725516.985180,99.520
1769725517.011184,99.510
1769725517.039418,99.510
1769725517.067420,99.520
1769725517.097387,99.510
1769725517.125023,99.510
1769725517.153415,99.510
1769725517.182661,99.520
1769725517.210833,99.510
1769725517.239454,99.510
1769725517.268381,99.510
1769725517.293403,99.520
1769725517.321649,99.510
1769725517.350347,99.510
1769725517.380313,99.520
1769725517.408357,99.510
1769725517.436911,99.520
1769725517.464843,99.520
1769725517.493321,99.510
1769725517.521917,99.510
1769725517.550799,99.510
1769725517.575888,99.520
1769725517.603934,99.520
1769725517.632483,99.510
1769725517.661489,99.510
1769725517.690120,99.510
1769725517.718813,99.500
1769725517.748027,99.510
1769725517.776762,99.500
1769725517.805272,99.510
1769725517.832986,99.510
1769725517.862395,99.510
1769725517.886709,99.510
1769725517.915783,99.520
1769725517.944258,99.510
1769725517.972908,99.510
1769725518.001951,99.510
1769725518.030135,99.510
1769725518.061177,99.510
1769725518.086789,99.510
1769725518.116051,99.500
1769725518.144949,99.510
1769725518.169326,99.510
1769725518.198273,99.520
1769725518.226616,99.500
1769725518.255343,99.510
1769725518.284144,99.500
1769725518.312836,99.510
1769725518.341310,99.520
1769725518.370613,99.510
1769725518.399509,99.520
1769725518.427121,99.520
1769725518.455874,99.520
1769725518.480851,99.510
1769725518.509515,99.520
1769725518.538015,99.520
1769725518.567105,99.520
1769725518.595144,99.520
1769725518.624371,99.520
1769725518.652585,99.520
1769725518.681857,99.530
1769725518.710138,99.510
1769725518.738385,99.520
1769725518.763413,99.520
1769725518.792573,99.520
1769725518.820843,99.520
1769725518.849311,99.520
1769725518.878327,99.510
1769725518.906840,99.510
1769725518.935522,99.520
1769725518.964591,99.510
1769725518.992698,99.510
1769725519.021721,99.510
1769725519.046765,99.500
1769725519.074961,99.500
1769725519.102776,99.500
1769725519.132129,99.510
1769725519.160812,99.510
1769725519.189919,99.510
1769725519.218275,99.520
1769725519.246155,99.510
1769725519.275304,99.510
1769725519.304357,99.510
1769725519.332754,99.510
1769725519.357136,99.520
1769725519.386119,99.510
1769725519.414883,99.510
1769725519.442869,99.500
1769725519.472556,99.510
1769725519.500281,99.510
1769725519.529735,99.510
1769725519.557949,99.510
1769725519.586598,99.500
1769725519.615182,99.490
1769725519.639735,99.500
1769725519.668859,99.500
1769725519.697432,99.520
1769725519.726151,99.510
1769725519.754584,99.520
1769725519.783678,99.510
1769725519.812012,99.510
1769725519.840701,99.510
1769725519.868685,99.510
1769725519.898350,99.510
1769725519.926321,99.510
1769725519.951407,99.520
1769725519.980588,99.510
1769725520.008655,99.520
1769725520.037473,99.510
1769725520.065617,99.520
1769725520.095393,99.500
1769725520.123281,99.520
1769725520.152283,99.510
1769725520.180471,99.510
1769725520.209673,99.520
1769725520.233884,99.500
1769725520.262490,99.510
1769725520.291276,99.510
1769725520.320134,99.510
1769725520.349288,99.500
1769725520.377071,99.510
1769725520.406374,99.510
1769725520.434443,99.510
1769725520.463649,99.510
1769725520.492280,99.510
1769725520.516255,99.510
1769725520.545404,99.510
1769725520.574367,99.520
1769725520.602279,99.520
1769725520.631250,99.520
1769725520.660203,99.520
1769725520.689179,99.510
1769725520.717268,99.510
1769725520.746026,99.510
1769725520.775074,99.520
1769725520.802917,99.510
1769725520.827786,99.510
1769725520.856905,99.520
1769725520.885863,99.510
1769725520.914046,99.520
1769725520.942783,99.520
1769725520.970895,99.520
1769725520.999859,99.510
1769725521.028463,99.520
1769725521.057520,99.510
1769725521.085522,99.510
1769725521.110649,99.510
1769725521.139464,99.510
1769725521.168420,99.510
1769725521.197466,99.510
1769725521.225202,99.520
1769725521.254166,99.510
1769725521.283134,99.500
1769725521.311939,99.520
1769725521.340665,99.510
1769725521.368574,99.510
1769725521.397120,99.520
1769725521.422120,99.520
1769725521.450951,99.520
1769725521.479923,99.510
1769725521.507819,99.520
1769725521.537361,99.510
1769725521.565299,99.520
1769725521.594338,99.510
1769725521.622266,99.520
1769725521.651116,99.520
1769725521.680347,99.510
1769725521.704362,99.510
1769725521.733090,99.510
1769725521.761988,99.520
1769725521.791194,99.520
1769725521.819431,99.510
1769725521.848567,99.520
1769725521.877114,99.520
1769725521.905169,99.520
1769725521.933624,99.500
1769725521.962631,99.510
1769725521.987483,99.510
1769725522.016288,99.520
1769725522.045168,99.510
1769725522.073297,99.510
1769725522.102185,99.510
1769725522.131155,99.510
1769725522.159521,99.500
1769725522.188432,99.510
1769725522.216779,99.510
1769725522.245146,99.500
1769725522.274250,99.510
1769725522.299017,99.510
1769725522.327409,99.520
1769725522.355711,99.520
1769725522.384493,99.510
1769725522.414093,99.500
1769725522.442672,99.510
1769725522.470712,99.520
1769725522.499620,99.510
1769725522.527116,99.510
1769725522.556166,99.520
1769725522.581238,99.520
1769725522.609869,99.520
1769725522.638647,99.520
1769725522.666933,99.510
1769725522.696019,99.510
1769725522.725078,99.510
1769725522.753735,99.520
1769725522.781872,99.510
1769725522.810511,99.520
1769725522.839823,99.510
1769725522.867809,99.510
1769725522.893063,99.510
1769725522.922071,99.510
1769725522.949887,99.510
1769725522.978811,99.510
1769725523.007831,99.510
1769725523.036613,99.510
1769725523.082707,99.510
1769725523.093705,99.510
1769725523.121752,99.500
1769725523.150551,99.520
1769725523.175578,99.500
1769725523.204201,99.510
1769725523.233188,99.520
1769725523.261198,99.510
1769725523.290095,99.510
1769725523.318918,99.510
1769725523.347677,99.510
1769725523.376689,99.510
1769725523.404673,99.510
1769725523.432866,99.510
1769725523.457901,99.510
1769725523.486875,99.510
1769725523.516017,99.510
1769725523.544491,99.510
1769725523.572583,99.510
1769725523.601680,99.510
1769725523.630433,99.510
1769725523.659432,99.500
1769725523.687441,99.510
1769725523.717504,99.510
1769725523.744453,99.500
1769725523.769452,99.510
1769725523.798453,99.500
1769725523.827219,99.510
1769725523.855345,99.510
1769725523.884338,99.500
1769725523.913599,99.510
1769725523.942430,99.510
1769725523.970440,99.510
1769725523.999429,99.510
1769725524.027855,99.500
1769725524.052590,99.510
1769725524.082597,99.510
1769725524.109585,99.510
1769725524.138468,99.500
1769725524.167463,99.510
1769725524.196462,99.500
1769725524.224570,99.510
1769725524.253087,99.510
1769725524.282089,99.500
1769725524.310094,99.500
1769725524.338957,99.510
1769725524.363946,99.510
1769725524.391086,99.510
1769725524.421495,99.510
1769725524.450256,99.520
1769725524.478277,99.510
1769725524.507258,99.490
1769725524.536011,99.500
1769725524.564911,99.510
1769725524.593017,99.500
1769725524.621013,99.500
1769725524.646806,99.500
1769725524.675791,99.500
1769725524.704774,99.510
1769725524.730837,99.500
1769725524.760520,99.510
1769725524.789522,99.500
1769725524.818465,99.500
1769725524.846297,99.500
1769725524.875504,99.500
1769725524.903471,99.500
1769725524.928313,99.510
1769725524.956846,99.510
1769725524.985600,99.510
1769725525.014483,99.510
1769725525.044098,99.510
1769725525.072075,99.500
1769725525.100812,99.500
1769725525.129281,99.510
1769725525.157681,99.510
1769725525.187065,99.510
1769725525.211369,99.510
1769725525.240151,99.510
1769725525.268068,99.520
1769725525.299101,99.510
1769725525.326230,99.510
1769725525.354947,99.510
1769725525.383384,99.500
1769725525.412381,99.500
1769725525.441223,99.500
1769725525.469223,99.500
1769725525.498237,99.500
1769725525.522294,99.500
1769725525.551047,99.500
1769725525.581047,99.510
1769725525.609045,99.510
1769725525.637908,99.510
1769725525.666877,99.510
1769725525.694893,99.510
1769725525.722983,99.500
1769725525.751988,99.500
1769725525.780930,99.510
1769725525.804946,99.510
1769725525.833649,99.510
1769725525.862911,99.500
1769725525.892019,99.490
1769725525.920105,99.510
1769725525.948854,99.510
1769725525.977849,99.510
1769725526.005799,99.510
1769725526.034393,99.510
1769725526.063502,99.510
1769725526.087509,99.500
1769725526.116510,99.510
1769725526.146377,99.510
1769725526.174377,99.510
1769725526.203377,99.500
1769725526.232482,99.510
1769725526.260240,99.500
1769725526.289232,99.510
1769725526.317229,99.510
1769725526.346101,99.510
1769725526.375096,99.510
1769725526.400446,99.510
1769725526.427549,99.510
1769725526.456261,99.510
1769725526.485299,99.500
1769725526.514299,99.510
1769725526.542173,99.510
1769725526.571491,99.510
1769725526.599575,99.510
1769725526.628896,99.510
1769725526.657140,99.510
1769725526.682240,99.510
1769725526.711238,99.510
1769725526.739992,99.510
1769725526.767381,99.500
1769725526.796684,99.500
1769725526.826249,99.500
1769725526.854993,99.510
1769725526.882982,99.510
1769725526.911595,99.510
1769725526.939445,99.510
1769725526.968449,99.510
1769725526.993448,99.510
1769725527.021570,99.500
1769725527.051301,99.500
1769725527.079274,99.510
1769725527.108284,99.500
1769725527.137068,99.510
1769725527.165061,99.510
1769725527.193998,99.500
1769725527.222994,99.500
1769725527.251426,99.500
1769725527.276115,99.510
1769725527.304523,99.500
1769725527.333243,99.510
1769725527.362608,99.510
1769725527.390740,99.510
1769725527.419624,99.510
1769725527.447850,99.500
1769725527.476297,99.510
1769725527.505402,99.500
1769725527.534390,99.510
1769725527.558124,99.510
1769725527.586981,99.510
1769725527.616404,99.500
1769725527.645567,99.490
1769725527.673520,99.500
1769725527.703565,99.510
1769725527.731690,99.510
1769725527.759393,99.500
1769725527.788206,99.510
1769725527.816260,99.510
1769725527.845074,99.510
1769725527.871089,99.510
1769725527.899076,99.510
1769725527.928194,99.500
1769725527.956703,99.510
1769725527.983412,99.510
1769725528.013005,99.510
1769725528.041878,99.500
1769725528.081902,99.510
1769725528.098892,99.500
1769725528.128326,99.500
1769725528.152027,99.500
1769725528.182034,99.510
1769725528.209996,99.500
1769725528.239609,99.500
1769725528.268724,99.500
1769725528.296731,99.520
1769725528.324836,99.500
1769725528.353558,99.500
1769725528.382586,99.510
1769725528.410664,99.510
1769725528.436781,99.500
1769725528.464508,99.510
1769725528.492509,99.500
1769725528.521526,99.510
1769725528.550368,99.500
1769725528.579368,99.500
1769725528.607373,99.500
1769725528.635492,99.510
1769725528.665277,99.500
1769725528.693267,99.500
1769725528.722150,99.510
1769725528.746922,99.500
1769725528.775934,99.510
1769725528.803919,99.500
1769725528.833457,99.510
1769725528.862098,99.510
1769725528.890104,99.510
1769725528.919112,99.500
1769725528.947270,99.500
1769725528.976274,99.510
1769725529.004256,99.510
1769725529.029433,99.510
1769725529.058161,99.520
1769725529.087158,99.510
1769725529.116162,99.500
1769725529.144048,99.510
1769725529.173033,99.510
1769725529.201015,99.510
1769725529.230085,99.500
1769725529.258671,99.510
1769725529.286615,99.510
1769725529.315630,99.520
1769725529.339684,99.510
1769725529.369070,99.510
1769725529.399101,99.510
1769725529.427098,99.510
1769725529.455091,99.500
1769725529.483403,99.510
1769725529.512171,99.500
1769725529.540965,99.510
1769725529.570365,99.500
1769725529.598814,99.510
1769725529.622773,99.500
1769725529.652153,99.520
1769725529.680691,99.510
1769725529.709683,99.500
1769725529.737779,99.510
1769725529.766480,99.510
1769725529.796058,99.510
1769725529.824011,99.510
1769725529.853004,99.510
1769725529.881008,99.510
1769725529.905900,99.500
1769725529.934203,99.510
1769725529.963677,99.500
1769725529.992672,99.500
1769725530.020684,99.510
1769725530.049061,99.500
1769725530.078093,99.510
1769725530.107147,99.510
1769725530.135261,99.500
1769725530.163995,99.500
1769725530.192983,99.500
1769725530.217921,99.510
1769725530.246603,99.500
1769725530.274595,99.510
1769725530.303587,99.510
1769725530.332704,99.510
1769725530.361728,99.500
1769725530.389226,99.500
1769725530.418879,99.500
1769725530.446050,99.490
1769725530.475030,99.500
1769725530.499875,99.490
1769725530.528290,99.500
1769725530.556956,99.500
1769725530.585904,99.490
1769725530.614829,99.500
1769725530.644122,99.500
1769725530.671811,99.510
1769725530.700372,99.510
1769725530.728696,99.510
1769725530.757649,99.500
1769725530.782560,99.500
1769725530.811589,99.500
1769725530.839810,99.490
1769725530.867940,99.500
1769725530.897829,99.500
1769725530.926898,99.500
1769725530.954515,99.500
1769725530.983591,99.510
1769725531.011867,99.510
1769725531.040857,99.510
1769725531.066687,99.510
1769725531.093480,99.490
1769725531.122204,99.500
1769725531.151262,99.510
1769725531.179329,99.500
1769725531.209378,99.490
1769725531.237386,99.490
1769725531.266256,99.490
1769725531.294337,99.490
1769725531.323314,99.490
1769725531.351639,99.490
1769725531.376951,99.490
1769725531.405954,99.500
1769725531.434168,99.500
1769725531.463094,99.510
1769725531.491141,99.510
1769725531.520170,99.510
1769725531.548259,99.500
1769725531.577527,99.510
1769725531.605643,99.510
1769725531.634041,99.500
1769725531.659630,99.500
1769725531.687625,99.500
1769725531.716644,99.500
1769725531.744955,99.500
1769725531.773691,99.500
1769725531.802767,99.500
1769725531.832205,99.490
1769725531.859819,99.500
1769725531.888431,99.500
1769725531.916965,99.500
1769725531.942179,99.510
1769725531.970761,99.500
1769725531.999785,99.490
1769725532.028119,99.510
1769725532.056336,99.500
1769725532.085780,99.500
1769725532.113921,99.510
1769725532.142528,99.510
1769725532.171013,99.500
1769725532.200009,99.510
1769725532.228032,99.500
1769725532.253787,99.510
1769725532.282794,99.510
1769725532.310843,99.510
1769725532.339853,99.500
1769725532.368567,99.500
1769725532.397357,99.500
1769725532.425670,99.490
1769725532.454262,99.490
1769725532.482260,99.490
1769725532.511532,99.490
1769725532.536598,99.490
1769725532.564670,99.500
1769725532.593552,99.490
1769725532.621905,99.500
1769725532.650693,99.490
1769725532.679335,99.490
1769725532.708319,99.490
1769725532.736293,99.490
1769725532.766237,99.500
1769725532.794236,99.500
1769725532.818676,99.510
1769725532.847750,99.490
1769725532.876338,99.510
1769725532.904122,99.510
1769725532.933361,99.490
1769725532.962214,99.500
1769725532.990712,99.500
1769725533.018936,99.510
1769725533.047547,99.510
1769725533.085057,99.510
1769725533.104578,99.510
1769725533.129495,99.500
1769725533.158533,99.510
1769725533.187217,99.500
1769725533.215489,99.500
1769725533.244806,99.500
1769725533.273552,99.500
1769725533.302567,99.500
1769725533.330572,99.500
1769725533.359464,99.500
1769725533.387474,99.500
1769725533.412339,99.500
1769725533.441658,99.500
1769725533.469418,99.500
1769725533.499379,99.500
1769725533.527425,99.500
1769725533.555303,99.500
1769725533.584424,99.500
1769725533.612564,99.510
1769725533.641702,99.500
1769725533.670451,99.490
1769725533.695485,99.490
1769725533.724455,99.490
1769725533.753020,99.500
1769725533.781195,99.510
1769725533.810104,99.490
1769725533.838235,99.500
1769725533.868109,99.510
1769725533.896144,99.510
1769725533.924508,99.490
1769725533.953010,99.500
1769725533.981185,99.510
1769725534.005856,99.510
1769725534.035293,99.510
1769725534.063848,99.500
1769725534.092411,99.510
1769725534.121083,99.500
1769725534.149737,99.500
1769725534.178208,99.510
1769725534.207549,99.500
1769725534.235567,99.500
1769725534.264500,99.500
1769725534.289470,99.500
1769725534.318376,99.500
1769725534.347588,99.490
1769725534.375129,99.500
1769725534.403736,99.500
1769725534.433671,99.500
1769725534.460950,99.500
1769725534.489947,99.500
1769725534.519027,99.500
1769725534.547159,99.490
1769725534.571680,99.500
1769725534.601051,99.490
1769725534.629238,99.490
1769725534.657832,99.500
1769725534.686068,99.490
1769725534.715018,99.500
1769725534.743652,99.490
1769725534.772267,99.490
1769725534.800693,99.500
1769725534.829806,99.500
1769725534.854408,99.510
1769725534.884424,99.500
1769725534.911555,99.490
1769725534.940156,99.490
1769725534.969301,99.490
1769725534.998119,99.500
1769725535.026204,99.500
1769725535.054702,99.500
1769725535.084420,99.500
1769725535.112603,99.510
1769725535.140443,99.500
1769725535.165745,99.500
1769725535.194043,99.500
1769725535.223032,99.500
1769725535.252346,99.500
1769725535.280996,99.500
1769725535.308779,99.490
1769725535.337844,99.500
1769725535.366589,99.500
1769725535.395327,99.500
1769725535.423827,99.490
1769725535.448913,99.500
1769725535.476763,99.500
1769725535.505761,99.500
1769725535.534783,99.500
1769725535.563325,99.500
1769725535.591463,99.510
1769725535.620476,99.510
1769725535.649568,99.510
1769725535.678093,99.490
1769725535.706449,99.500
1769725535.731369,99.500
1769725535.760196,99.510
1769725535.788358,99.500
1769725535.817364,99.500
1769725535.845758,99.500
1769725535.874122,99.500
1769725535.904072,99.510
1769725535.932515,99.500
1769725535.960743,99.500
1769725535.988798,99.490
1769725536.016854,99.490
1769725536.043053,99.500
1769725536.071573,99.500
1769725536.100553,99.500
1769725536.128461,99.500
1769725536.156694,99.500
1769725536.188109,99.500
1769725536.214096,99.500
1769725536.242552,99.490
1769725536.271650,99.500
1769725536.300277,99.490
1769725536.324816,99.480
1769725536.353148,99.490
1769725536.382786,99.490
1769725536.411348,99.500
1769725536.439818,99.500
1769725536.467773,99.500
1769725536.496768,99.490
1769725536.525778,99.500
1769725536.553827,99.480
1769725536.582508,99.480
1769725536.607511,99.500
1769725536.636475,99.500
1769725536.665218,99.500
1769725536.694213,99.490
1769725536.722457,99.490
1769725536.751884,99.490
1769725536.780367,99.480
1769725536.808513,99.500
1769725536.837463,99.490
1769725536.866333,99.490
1769725536.894437,99.490
1769725536.919388,99.500
1769725536.946992,99.500
1769725536.976119,99.500
1769725537.004965,99.500
1769725537.033875,99.500
1769725537.062318,99.500
1769725537.090663,99.490
1769725537.119594,99.500
1769725537.148561,99.500
1769725537.176623,99.500
1769725537.201625,99.500
1769725537.230677,99.500
1769725537.259449,99.500
1769725537.287527,99.500
1769725537.316465,99.500
1769725537.345598,99.500
1769725537.373289,99.500
1769725537.401907,99.500
1769725537.431077,99.500
1769725537.459805,99.500
1769725537.484824,99.490
1769725537.512908,99.500
1769725537.541118,99.510
1769725537.570010,99.510
1769725537.600041,99.510
1769725537.628017,99.500
1769725537.656519,99.500
1769725537.684368,99.500
1769725537.713655,99.510
1769725537.742650,99.510
1769725537.767596,99.500
1769725537.795923,99.500
1769725537.824211,99.500
1769725537.852610,99.500
1769725537.882488,99.500
1769725537.910537,99.500
1769725537.939116,99.500
1769725537.968137,99.500
1769725537.996234,99.500
1769725538.025931,99.500
1769725538.053740,99.500
1769725538.078503,99.490
1769725538.106668,99.490
1769725538.135570,99.500
1769725538.164903,99.500
1769725538.193265,99.500
1769725538.222266,99.500
1769725538.250280,99.500
1769725538.279104,99.510
1769725538.307893,99.500
1769725538.336041,99.500
1769725538.361010,99.500
1769725538.389230,99.490
1769725538.418476,99.480
1769725538.446965,99.490
1769725538.475706,99.500
1769725538.504278,99.500
1769725538.532875,99.500
1769725538.561691,99.500
1769725538.590410,99.500
1769725538.619060,99.490
1769725538.643685,99.500
1769725538.671959,99.490
1769725538.701009,99.490
1769725538.730015,99.500
1769725538.758379,99.490
1769725538.787212,99.500
1769725538.816235,99.500
1769725538.844191,99.490
1769725538.873173,99.490
1769725538.902358,99.500
1769725538.930204,99.500
1769725538.954402,99.490
1769725538.983278,99.500
1769725539.012242,99.500
1769725539.041210,99.500
1769725539.070210,99.490
1769725539.098408,99.510
1769725539.127405,99.500
1769725539.156426,99.490
1769725539.184245,99.490
1769725539.213235,99.510
1769725539.237289,99.490
1769725539.266149,99.490
1769725539.295320,99.500
1769725539.323265,99.500
1769725539.353453,99.490
1769725539.381220,99.490
1769725539.409166,99.490
1769725539.438207,99.500
1769725539.467036,99.490
1769725539.495233,99.500
1769725539.520196,99.490
1769725539.549085,99.500
1769725539.577014,99.500
1769725539.605900,99.510
1769725539.635020,99.510
1769725539.664264,99.500
1769725539.692022,99.500
1769725539.720970,99.510
1769725539.750065,99.490
1769725539.778003,99.490
1769725539.803013,99.490
1769725539.831869,99.490
1769725539.860890,99.490
1769725539.888601,99.520
1769725539.917644,99.500
1769725539.946117,99.500
1769725539.974735,99.500
1769725540.002835,99.490
1769725540.032268,99.490
1769725540.060119,99.490
1769725540.089435,99.490
1769725540.114024,99.500
1769725540.142806,99.500
1769725540.171544,99.490
1769725540.200595,99.490
1769725540.229240,99.500
1769725540.257697,99.500
1769725540.286030,99.500
1769725540.315449,99.490
1769725540.343321,99.490
1769725540.371890,99.490
1769725540.396120,99.490
1769725540.425410,99.490
1769725540.454233,99.500
1769725540.484428,99.490
1769725540.511785,99.500
1769725540.539873,99.500
1769725540.568415,99.490
1769725540.597548,99.500
1769725540.626487,99.500
1769725540.654541,99.490
1769725540.680073,99.500
1769725540.707431,99.500
1769725540.736808,99.490
1769725540.765311,99.510
1769725540.793986,99.490
1769725540.823261,99.490
1769725540.852169,99.500
1769725540.880881,99.490
1769725540.908910,99.490
1769725540.937246,99.500
1769725540.966135,99.500
1769725540.990749,99.490
1769725541.019534,99.500
1769725541.049061,99.500
1769725541.077467,99.490
1769725541.105473,99.500
1769725541.134916,99.500
1769725541.162977,99.500
1769725541.191844,99.500
1769725541.219844,99.500
1769725541.248844,99.500
1769725541.273287,99.500
1769725541.302402,99.490
1769725541.331460,99.500
1769725541.360414,99.490
1769725541.388080,99.500
1769725541.417079,99.500
1769725541.445089,99.500
1769725541.473994,99.500
1769725541.502954,99.490
1769725541.530953,99.490
1769725541.556655,99.490
1769725541.584310,99.500
1769725541.613989,99.500
1769725541.642617,99.500
1769725541.671372,99.500
1769725541.700531,99.490
1769725541.728541,99.490
1769725541.757019,99.500
1769725541.785478,99.490
1769725541.814503,99.500
1769725541.842487,99.490
1769725541.867603,99.500
1769725541.896283,99.490
1769725541.925257,99.490
1769725541.953252,99.500
1769725541.982898,99.490
1769725542.010860,99.490
1769725542.039876,99.500
1769725542.068077,99.490
1769725542.096799,99.500
1769725542.125787,99.490
1769725542.150843,99.490
1769725542.178664,99.510
1769725542.207755,99.500
1769725542.236723,99.490
1769725542.265175,99.490
1769725542.293679,99.490
1769725542.322618,99.490
1769725542.350623,99.500
1769725542.379584,99.500
1769725542.407888,99.500
1769725542.433751,99.490
1769725542.461122,99.500
1769725542.489489,99.490
1769725542.519458,99.500
1769725542.548513,99.490
1769725542.575764,99.500
1769725542.605338,99.490
1769725542.634345,99.500
1769725542.662455,99.500
1769725542.690549,99.500
1769725542.718622,99.490
1769725542.744247,99.500
1769725542.772657,99.500
1769725542.801784,99.490
1769725542.830305,99.500
1769725542.858541,99.500
1769725542.887729,99.500
1769725542.915726,99.500
1769725542.944734,99.490
1769725542.973306,99.490
1769725543.001798,99.500
1769725543.026242,99.490
1769725543.055510,99.500
1769725543.084231,99.500
1769725543.112775,99.500
1769725543.141527,99.500
1769725543.170304,99.500
1769725543.198833,99.500
1769725543.226118,99.500
1769725543.255486,99.500
1769725543.284380,99.490
1769725543.309297,99.490
1769725543.338649,99.490
1769725543.366585,99.490
1769725543.395631,99.490
1769725543.424399,99.490
1769725543.452408,99.490
1769725543.481497,99.500
1769725543.510041,99.500
1769725543.538107,99.490
1769725543.567138,99.480
1769725543.595193,99.490
1769725543.620494,99.490
1769725543.649548,99.490
1769725543.678303,99.500
1769725543.706839,99.490
1769725543.735796,99.480
1769725543.764335,99.480
1769725543.792408,99.490
1769725543.821318,99.500
1769725543.851332,99.480
1769725543.879024,99.490
1769725543.903410,99.490
1769725543.932414,99.490
1769725543.961063,99.490
1769725543.989815,99.490
1769725544.017775,99.490
1769725544.046201,99.490
1769725544.075117,99.490
1769725544.103717,99.500
1769725544.132885,99.490
1769725544.160948,99.490
1769725544.186566,99.500
1769725544.214645,99.500
1769725544.243610,99.480
1769725544.272082,99.500
1769725544.300648,99.490
1769725544.329924,99.490
1769725544.358034,99.490
1769725544.386841,99.490
1769725544.415313,99.500
1769725544.444323,99.490
1769725544.472835,99.490
1769725544.497889,99.490
1769725544.526085,99.490
1769725544.554220,99.490
1769725544.583007,99.490
1769725544.612330,99.510
1769725544.640630,99.490
1769725544.669994,99.490
1769725544.698467,99.490
1769725544.726457,99.490
1769725544.755526,99.490
1769725544.780298,99.490
1769725544.808466,99.480
1769725544.837354,99.490
1769725544.866165,99.490
1769725544.894689,99.490
1769725544.923491,99.490
1769725544.952417,99.500
1769725544.980546,99.490
1769725545.008944,99.490
1769725545.038320,99.480
1769725545.062623,99.490
1769725545.090365,99.490
1769725545.120384,99.490
1769725545.148427,99.490
1769725545.177157,99.490
1769725545.205637,99.490
1769725545.234601,99.500
1769725545.263596,99.500
1769725545.291772,99.490
1769725545.320852,99.480
1769725545.349082,99.490
1769725545.374101,99.490
1769725545.403852,99.490
1769725545.431604,99.500
1769725545.459650,99.490
1769725545.488589,99.500
1769725545.518631,99.490
1769725545.546609,99.490
1769725545.574764,99.490
1769725545.603111,99.490
1769725545.632148,99.490
1769725545.657111,99.490
1769725545.686086,99.500
1769725545.714415,99.490
1769725545.742767,99.500
1769725545.772759,99.490
1769725545.801683,99.490
1769725545.829417,99.500
1769725545.857482,99.490
1769725545.886136,99.490
1769725545.915135,99.490
1769725545.939132,99.490
1769725545.968975,99.490
1769725545.997341,99.480
1769725546.025384,99.500
1769725546.054333,99.490
1769725546.082681,99.490
1769725546.111485,99.500
1769725546.140368,99.480
1769725546.168662,99.490
1769725546.197542,99.490
1769725546.225608,99.500
1769725546.251515,99.500
1769725546.280281,99.500
1769725546.308432,99.480
1769725546.336433,99.490
1769725546.365589,99.490
1769725546.394670,99.490
1769725546.423146,99.480
1769725546.452169,99.490
1769725546.480351,99.490
1769725546.507987,99.490
1769725546.532951,99.500
1769725546.562033,99.490
1769725546.590246,99.490
1769725546.619457,99.490
1769725546.648290,99.490
1769725546.676464,99.480
1769725546.705070,99.500
1769725546.735075,99.490
1769725546.763259,99.500
1769725546.791220,99.490
1769725546.815784,99.490
1769725546.844719,99.490
1769725546.873316,99.490
1769725546.902223,99.490
1769725546.931262,99.490
1769725546.959517,99.490
1769725546.988114,99.480
1769725547.015878,99.490
1769725547.045197,99.500
1769725547.074278,99.490
1769725547.098959,99.490
1769725547.127136,99.500
1769725547.155449,99.490
1769725547.185036,99.490
1769725547.213068,99.480
1769725547.242061,99.490
1769725547.271074,99.480
1769725547.299793,99.490
1769725547.328303,99.500
1769725547.356248,99.490
1769725547.384835,99.490
1769725547.410042,99.490
1769725547.439081,99.480
1769725547.468350,99.490
1769725547.495954,99.490
1769725547.524949,99.490
1769725547.553449,99.490
1769725547.582204,99.490
1769725547.610433,99.500
1769725547.638795,99.490
1769725547.668050,99.500
1769725547.692639,99.490
1769725547.720993,99.480
1769725547.749711,99.480
1769725547.778931,99.490
1769725547.807456,99.490
1769725547.836452,99.490
1769725547.865344,99.490
1769725547.893555,99.490
1769725547.922554,99.490
1769725547.950564,99.480
1769725547.986345,99.490
1769725548.003625,99.490
1769725548.032915,99.490
1769725548.061044,99.480
1769725548.090188,99.490
1769725548.119417,99.480
1769725548.147515,99.490
1769725548.175595,99.480
1769725548.204239,99.480
1769725548.233358,99.480
1769725548.262241,99.500
1769725548.286970,99.480
1769725548.316159,99.490
1769725548.344155,99.490
1769725548.372184,99.490
1769725548.402096,99.490
1769725548.429733,99.500
1769725548.458699,99.490
1769725548.487696,99.490
1769725548.515851,99.490
1769725548.544741,99.490
1769725548.569876,99.490
1769725548.598462,99.490
1769725548.626522,99.490
1769725548.655457,99.480
1769725548.685121,99.480
1769725548.712517,99.490
1769725548.741453,99.490
1769725548.770537,99.480
1769725548.799138,99.490
1769725548.827119,99.490
1769725548.855266,99.480
1769725548.881499,99.470
1769725548.909581,99.480
1769725548.938588,99.490
1769725548.967587,99.480
1769725548.995788,99.480
1769725549.024042,99.480
1769725549.053982,99.480
1769725549.081106,99.480
1769725549.109608,99.480
1769725549.138821,99.480
1769725549.163017,99.480
1769725549.191653,99.480
1769725549.220546,99.490
1769725549.249494,99.490
1769725549.277637,99.490
1769725549.307112,99.490
1769725549.336144,99.490
1769725549.364774,99.490
1769725549.392475,99.490
1769725549.421515,99.480
1769725549.446501,99.490
1769725549.474591,99.480
1769725549.503344,99.480
1769725549.532387,99.480
1769725549.561392,99.490
1769725549.589831,99.480
1769725549.618775,99.500
1769725549.646830,99.490
1769725549.675499,99.490
1769725549.703206,99.490
1769725549.732268,99.480
1769725549.757279,99.470
1769725549.785707,99.490
1769725549.814245,99.490
1769725549.843493,99.480
1769725549.872091,99.480
1769725549.901119,99.490
1769725549.929282,99.480
1769725549.958299,99.500
1769725549.985797,99.480
1769725550.015654,99.490
1769725550.039627,99.490
1769725550.068802,99.490
1769725550.098486,99.470
1769725550.126435,99.480
1769725550.154433,99.500
1769725550.183870,99.480
1769725550.212397,99.470
1769725550.240370,99.490
1769725550.269263,99.480
1769725550.297941,99.500
1769725550.326048,99.480
1769725550.351918,99.490
1769725550.380028,99.490
1769725550.409098,99.480
1769725550.438050,99.470
1769725550.466034,99.490
1769725550.494672,99.480
1769725550.522986,99.480
1769725550.551983,99.470
1769725550.580602,99.480
1769725550.609360,99.480
1769725550.634354,99.470
1769725550.662247,99.480
1769725550.691399,99.490
1769725550.720167,99.490
1769725550.748765,99.480
1769725550.776944,99.480
1769725550.805321,99.490
1769725550.835873,99.490
1769725550.863014,99.480
1769725550.891629,99.490
1769725550.916575,99.480
1769725550.945593,99.480
1769725550.973673,99.480
1769725551.004095,99.480
1769725551.031537,99.480
1769725551.060537,99.480
1769725551.089153,99.480
1769725551.117281,99.470
1769725551.146153,99.490
1769725551.174027,99.480
1769725551.203727,99.490
1769725551.227720,99.470
1769725551.255839,99.490
1769725551.284976,99.490
1769725551.314329,99.490
1769725551.342543,99.490
1769725551.370973,99.490
1769725551.400280,99.500
1769725551.428679,99.480
1769725551.457053,99.480
1769725551.486384,99.480
1769725551.509842,99.490
1769725551.538598,99.490
1769725551.567840,99.490
1769725551.596439,99.460
1769725551.625021,99.440
1769725551.653701,99.480
1769725551.682188,99.480
1769725551.711323,99.480
1769725551.739383,99.490
1769725551.768651,99.480
1769725551.797139,99.500
1769725551.821974,99.500
1769725551.851037,99.490
1769725551.880173,99.490
1769725551.908382,99.480
1769725551.937387,99.480
1769725551.965452,99.490
1769725551.994081,99.490
1769725552.021961,99.480
1769725552.050611,99.480
1769725552.079472,99.500
1769725552.103899,99.480
1769725552.133292,99.490
1769725552.161799,99.490
1769725552.190087,99.490
1769725552.219371,99.500
1769725552.248085,99.490
1769725552.277034,99.490
1769725552.304609,99.490
1769725552.333632,99.500
1769725552.362631,99.490
1769725552.387782,99.490
1769725552.415241,99.490
1769725552.444342,99.480
1769725552.473174,99.470
1769725552.502264,99.470
1769725552.531250,99.470
1769725552.559227,99.470
1769725552.588359,99.470
1769725552.616902,99.470
1769725552.645672,99.470
1769725552.673631,99.470
1769725552.698952,99.470
1769725552.727725,99.470
1769725552.755573,99.460
1769725552.784598,99.470
1769725552.813442,99.480
1769725552.842423,99.470
1769725552.870418,99.470
1769725552.899740,99.480
1769725552.927747,99.480
1769725552.974739,99.480
1769725552.981278,99.480
1769725553.009307,99.470
1769725553.038572,99.480
1769725553.067636,99.480
1769725553.095962,99.480
1769725553.125082,99.470
1769725553.153095,99.470
1769725553.181242,99.480
1769725553.211010,99.480
1769725553.239123,99.460
1769725553.268132,99.480
1769725553.292224,99.480
1769725553.321244,99.470
1769725553.350399,99.470
1769725553.378400,99.470
1769725553.407173,99.480
1769725553.436221,99.470
1769725553.465220,99.480
1769725553.493336,99.480
1769725553.522119,99.480
1769725553.550314,99.480
1769725553.575059,99.480
1769725553.603990,99.480
1769725553.633020,99.480
1769725553.662037,99.480
1769725553.690179,99.480
1769725553.719800,99.480
1769725553.747653,99.480
1769725553.776142,99.480
1769725553.804297,99.480
1769725553.833214,99.490
1769725553.857777,99.490
1769725553.886291,99.480
1769725553.915301,99.490
1769725553.944297,99.490
1769725553.972938,99.480
1769725554.001760,99.490
1769725554.029991,99.490
1769725554.058922,99.490
1769725554.087092,99.490
1769725554.115601,99.480
1769725554.144531,99.490
1769725554.170477,99.490
1769725554.197812,99.480
1769725554.226822,99.490
1769725554.255004,99.490
1769725554.284009,99.480
1769725554.312722,99.490
1769725554.340886,99.490
1769725554.370038,99.490
1769725554.398550,99.490
1769725554.426549,99.480
1769725554.452359,99.490
1769725554.480359,99.490
1769725554.509314,99.490
1769725554.538409,99.480
1769725554.566401,99.480
1769725554.595622,99.470
1769725554.623735,99.490
1769725554.652743,99.480
1769725554.681195,99.490
1769725554.710028,99.480
1769725554.734980,99.480
1769725554.763863,99.480
1769725554.792050,99.480
1769725554.820708,99.480
1769725554.849708,99.480
1769725554.877675,99.480
1769725554.906543,99.480
1769725554.936512,99.480
1769725554.964170,99.490
1769725554.992483,99.480
1769725555.021064,99.480
1769725555.046060,99.480
1769725555.074327,99.480
1769725555.104341,99.480
1769725555.132356,99.490
1769725555.160551,99.490
1769725555.188828,99.480
1769725555.218069,99.480
1769725555.246380,99.490
1769725555.275386,99.490
1769725555.304427,99.490
1769725555.328428,99.480
1769725555.357662,99.490
1769725555.385965,99.500
1769725555.414330,99.480
1769725555.443423,99.490
1769725555.473904,99.480
1769725555.499799,99.490
1769725555.528942,99.480
1769725555.557947,99.480
1769725555.585979,99.480
1769725555.614546,99.490
1769725555.639571,99.480
1769725555.669545,99.490
1769725555.696921,99.480
1769725555.725753,99.480
1769725555.755696,99.480
1769725555.783264,99.480
1769725555.812015,99.490
1769725555.840090,99.480
1769725555.870026,99.480
1769725555.897716,99.490
1769725555.922422,99.490
1769725555.951458,99.480
1769725555.979895,99.490
1769725556.008703,99.480
1769725556.037975,99.470
1769725556.066300,99.490
1769725556.094428,99.480
1769725556.124107,99.480
1769725556.152070,99.480
1769725556.180196,99.490
1769725556.205644,99.480
1769725556.234158,99.480
1769725556.263159,99.480
1769725556.291380,99.480
1769725556.319871,99.490
1769725556.349185,99.490
1769725556.377242,99.480
1769725556.405657,99.490
1769725556.434537,99.480
1769725556.463477,99.490
1769725556.491495,99.480
1769725556.516017,99.480
1769725556.545116,99.490
1769725556.573741,99.470
1769725556.602447,99.470
1769725556.631050,99.480
1769725556.660357,99.480
1769725556.689167,99.490
1769725556.716989,99.480
1769725556.745233,99.490
1769725556.774121,99.480
1769725556.799194,99.490
1769725556.827756,99.490
1769725556.856754,99.480
1769725556.885801,99.490
1769725556.914449,99.480
1769725556.941937,99.490
1769725556.970953,99.490
1769725556.999996,99.490
1769725557.028298,99.500
1769725557.056553,99.480
1769725557.085405,99.480
1769725557.110711,99.490
1769725557.139421,99.490
1769725557.167508,99.490
1769725557.195878,99.490
1769725557.224702,99.490
1769725557.253824,99.490
1769725557.282540,99.480
1769725557.311438,99.480
1769725557.339469,99.490
1769725557.368664,99.490
1769725557.393167,99.490
1769725557.421990,99.490
1769725557.449898,99.480
1769725557.478781,99.490
1769725557.507915,99.480
1769725557.536914,99.470
1769725557.565803,99.490
1769725557.593857,99.490
1769725557.621799,99.490
1769725557.650928,99.500
1769725557.675850,99.490
1769725557.705368,99.480
1769725557.733403,99.490
1769725557.761966,99.490
1769725557.789669,99.480
1769725557.820351,99.480
1769725557.848319,99.500
1769725557.876502,99.480
1769725557.905635,99.490
1769725557.933170,99.490
1769725557.972164,99.490
1769725557.985758,99.480
1769725558.015460,99.490
1769725558.044406,99.500
1769725558.073411,99.490
1769725558.102573,99.500
1769725558.131237,99.490
1769725558.159201,99.490
1769725558.188223,99.490
1769725558.216008,99.490
1769725558.245123,99.480
1769725558.270124,99.490
1769725558.298285,99.490
1769725558.327150,99.490
1769725558.356142,99.490
1769725558.384264,99.490
1769725558.414051,99.490
1769725558.442043,99.490
1769725558.471003,99.490
1769725558.498587,99.490
1769725558.527474,99.500
1769725558.552389,99.490
1769725558.580905,99.500
1769725558.609452,99.490
1769725558.638408,99.490
1769725558.667455,99.490
1769725558.696479,99.480
1769725558.724981,99.490
1769725558.753595,99.490
1769725558.781166,99.500
1769725558.810427,99.490
1769725558.838295,99.490
1769725558.863680,99.480
1769725558.891622,99.490
1769725558.921202,99.490
1769725558.949557,99.470
1769725558.978308,99.480
1769725559.006920,99.480
1769725559.035893,99.490
1769725559.063899,99.490
1769725559.093030,99.490
1769725559.121335,99.490
1769725559.146453,99.490
1769725559.175456,99.490
1769725559.203473,99.490
1769725559.232066,99.490
1769725559.260999,99.490
1769725559.289161,99.480
1769725559.318628,99.480
1769725559.347617,99.490
1769725559.375704,99.490
1769725559.404382,99.490
1769725559.428806,99.480
1769725559.457713,99.480
1769725559.486926,99.490
1769725559.514538,99.490
1769725559.543906,99.480
1769725559.573179,99.480
1769725559.601330,99.490
1769725559.629923,99.490
1769725559.658208,99.490
1769725559.687172,99.480
1769725559.715760,99.480
1769725559.740703,99.490
1769725559.769338,99.480
1769725559.797616,99.490
1769725559.825865,99.480
1769725559.854780,99.480
1769725559.883828,99.490
1769725559.912443,99.480
1769725559.941395,99.500
1769725559.969890,99.490
1769725559.998616,99.490
1769725560.022947,99.490
1769725560.051819,99.490
1769725560.080344,99.490
1769725560.109012,99.500
1769725560.138032,99.490
1769725560.167014,99.480
1769725560.195040,99.480
1769725560.223661,99.490
1769725560.252624,99.500
1769725560.280772,99.490
1769725560.306017,99.480
1769725560.335352,99.500
1769725560.363352,99.490
1769725560.391082,99.500
1769725560.421109,99.490
1769725560.449634,99.490
1769725560.478180,99.490
1769725560.506167,99.490
1769725560.534986,99.490
1769725560.563392,99.490
1769725560.592191,99.480
1769725560.616240,99.500
1769725560.644914,99.480
1769725560.673941,99.500
1769725560.702654,99.490
1769725560.731364,99.500
1769725560.759934,99.500
1769725560.789045,99.490
1769725560.817008,99.490
1769725560.845991,99.490
1769725560.875037,99.510
1769725560.898878,99.490
1769725560.927863,99.500
1769725560.956802,99.480
1769725560.984958,99.480
1769725561.013415,99.480
1769725561.042973,99.490
1769725561.071696,99.480
1769725561.100022,99.480
1769725561.128706,99.490
1769725561.156918,99.480
1769725561.181531,99.490
1769725561.210115,99.500
1769725561.240138,99.480
1769725561.268117,99.490
1769725561.296274,99.490
1769725561.325618,99.490
1769725561.353667,99.480
1769725561.382680,99.500
1769725561.411533,99.490
1769725561.440192,99.490
1769725561.468640,99.480
1769725561.493139,99.490
1769725561.521727,99.490
1769725561.550654,99.500
1769725561.579143,99.480
1769725561.607677,99.490
1769725561.637543,99.490
1769725561.665368,99.500
1769725561.693939,99.480
1769725561.722903,99.480
1769725561.751576,99.490
1769725561.775880,99.490
1769725561.804736,99.490
1769725561.833684,99.490
1769725561.862542,99.500
1769725561.890584,99.500
1769725561.919358,99.490
1769725561.948348,99.500
1769725561.976819,99.480
1769725562.005366,99.490
1769725562.034568,99.490
1769725562.062881,99.490
1769725562.087237,99.490
1769725562.115822,99.490
1769725562.144336,99.490
1769725562.172874,99.480
1769725562.202317,99.480
1769725562.230517,99.480
1769725562.259802,99.490
1769725562.287453,99.490
1769725562.317149,99.480
1769725562.345664,99.490
1769725562.370946,99.490
1769725562.398804,99.490
1769725562.427368,99.500
1769725562.455340,99.490
1769725562.484627,99.480
1769725562.513255,99.490
1769725562.542370,99.500
1769725562.571088,99.490
1769725562.599197,99.490
1769725562.627482,99.490
1769725562.652675,99.490
1769725562.681779,99.500
1769725562.710415,99.490
1769725562.738403,99.490
1769725562.767509,99.500
1769725562.796170,99.490
1769725562.824542,99.490
1769725562.853569,99.490
1769725562.883851,99.490
1769725562.910825,99.490
1769725562.938923,99.490
1769725562.964274,99.490
1769725562.993284,99.490
1769725563.021099,99.490
1769725563.050084,99.490
1769725563.079019,99.480
1769725563.108078,99.490
1769725563.136663,99.480
1769725563.165107,99.490
1769725563.193236,99.480
1769725563.222303,99.490
1769725563.246401,99.490
1769725563.274991,99.490
1769725563.304137,99.490
1769725563.333021,99.480
1769725563.361728,99.490
1769725563.390207,99.500
1769725563.419238,99.490
1769725563.447941,99.500
1769725563.475993,99.490
1769725563.504539,99.490
1769725563.529905,99.490
1769725563.558889,99.500
1769725563.586918,99.490
1769725563.615868,99.490
1769725563.643882,99.490
1769725563.672835,99.490
1769725563.702061,99.490
1769725563.730614,99.500
1769725563.758615,99.490
1769725563.787632,99.500
1769725563.815427,99.490
1769725563.841182,99.500
1769725563.869964,99.490
1769725563.897906,99.480
1769725563.926676,99.490
1769725563.956094,99.480
1769725563.984139,99.490
1769725564.012547,99.490
1769725564.041041,99.490
1769725564.070872,99.490
1769725564.098899,99.490
1769725564.123177,99.490
1769725564.151543,99.490
1769725564.180597,99.490
1769725564.209692,99.500
1769725564.237646,99.490
1769725564.266910,99.490
1769725564.295727,99.490
1769725564.323945,99.510
1769725564.352242,99.500
1769725564.381660,99.490
1769725564.405715,99.500
1769725564.434599,99.490
1769725564.462948,99.490
1769725564.491577,99.490
1769725564.520417,99.490
1769725564.549633,99.490
1769725564.578143,99.500
1769725564.606657,99.490
1769725564.634296,99.490
1769725564.663863,99.500
1769725564.692887,99.500
1769725564.717263,99.490
1769725564.746438,99.500
1769725564.774844,99.490
1769725564.804243,99.480
1769725564.831975,99.490
1769725564.861278,99.500
1769725564.889502,99.500
1769725564.917573,99.490
1769725564.946810,99.500
1769725564.975046,99.500
1769725565.000213,99.490
1769725565.028403,99.480
1769725565.057562,99.470
1769725565.087056,99.490
1769725565.115325,99.480
1769725565.143293,99.500
1769725565.172143,99.480
1769725565.201186,99.500
1769725565.228919,99.480
1769725565.257833,99.490
1769725565.282863,99.480
1769725565.311077,99.490
1769725565.340528,99.490
1769725565.369026,99.490
1769725565.396885,99.500
1769725565.425723,99.500
1769725565.454695,99.490
1769725565.483006,99.500
1769725565.512018,99.490
1769725565.540097,99.500
1769725565.569368,99.500
1769725565.594224,99.500
1769725565.623183,99.500
1769725565.651521,99.490
1769725565.680282,99.490
1769725565.709264,99.490
1769725565.737366,99.500
1769725565.766377,99.490
1769725565.795065,99.500
1769725565.824304,99.490
1769725565.852137,99.490
1769725565.877059,99.500
1769725565.906613,99.490
1769725565.934474,99.490
1769725565.962880,99.490
1769725565.991922,99.490
1769725566.020580,99.490
1769725566.049011,99.490
1769725566.078061,99.500
1769725566.106102,99.490
1769725566.134978,99.490
1769725566.159764,99.500
1769725566.189025,99.500
1769725566.217052,99.510
1769725566.245796,99.490
1769725566.273717,99.490
1769725566.303115,99.500
1769725566.331892,99.490
1769725566.359918,99.490
1769725566.388930,99.490
1769725566.417664,99.490
1769725566.446302,99.490
1769725566.469965,99.490
1769725566.499039,99.500
1769725566.527631,99.490
1769725566.556137,99.500
1769725566.584958,99.490
1769725566.614169,99.490
1769725566.642734,99.500
1769725566.671707,99.500
1769725566.700138,99.500
1769725566.728294,99.490
1769725566.753330,99.490
1769725566.782223,99.500
1769725566.810458,99.490
1769725566.839335,99.490
1769725566.868359,99.500
1769725566.897199,99.480
1769725566.925948,99.490
1769725566.955349,99.490
1769725566.982468,99.500
1769725567.011470,99.490
1769725567.036509,99.500
1769725567.064728,99.490
1769725567.093713,99.500
1769725567.123382,99.490
1769725567.150815,99.490
1769725567.179862,99.490
1769725567.207847,99.500
1769725567.236805,99.490
1769725567.264782,99.490
1769725567.294241,99.490
1769725567.322817,99.500
1769725567.347291,99.500
1769725567.375532,99.490
1769725567.404737,99.490
1769725567.433074,99.490
1769725567.462226,99.500
1769725567.491595,99.500
1769725567.519655,99.490
1769725567.548416,99.510
1769725567.576515,99.490
1769725567.605543,99.490
1769725567.630752,99.500
1769725567.658767,99.490
1769725567.688718,99.500
1769725567.715775,99.500
1769725567.744905,99.490
1769725567.773361,99.490
1769725567.802180,99.490
1769725567.830396,99.500
1769725567.871846,99.490
1769725567.887824,99.490
1769725567.912755,99.490
1769725567.941506,99.490
1769725567.970238,99.490
1769725567.998695,99.490
1769725568.027431,99.500
1769725568.056546,99.490
1769725568.084546,99.500
1769725568.113697,99.500
1769725568.142441,99.490
1769725568.171474,99.500
1769725568.199471,99.490
1769725568.224233,99.490
1769725568.253411,99.500
1769725568.282391,99.490
1769725568.310549,99.490
1769725568.338661,99.500
1769725568.367909,99.490
1769725568.396333,99.500
1769725568.424808,99.500
1769725568.453815,99.500
1769725568.481924,99.490
1769725568.506813,99.490
1769725568.536415,99.490
1769725568.564454,99.500
1769725568.592917,99.500
1769725568.621903,99.500
1769725568.650496,99.490
1769725568.678446,99.500
1769725568.707444,99.490
1769725568.736064,99.490
1769725568.764967,99.490
1769725568.789640,99.500
1769725568.818661,99.490
1769725568.846518,99.500
1769725568.875280,99.490
1769725568.905793,99.490
1769725568.933436,99.490
1769725568.961628,99.500
1769725568.990182,99.480
1769725569.018388,99.490
1769725569.046863,99.500
1769725569.076093,99.490
1769725569.101105,99.490
1769725569.129874,99.490
1769725569.158186,99.480
1769725569.186653,99.500
1769725569.215644,99.500
1769725569.244209,99.500
1769725569.273155,99.500
1769725569.301146,99.500
1769725569.330080,99.490
1769725569.357965,99.490
1769725569.382978,99.490
1769725569.412236,99.480
1769725569.441255,99.490
1769725569.469877,99.480
1769725569.497972,99.500
1769725569.526861,99.500
1769725569.555124,99.490
1769725569.583137,99.490
1769725569.612750,99.480
1769725569.641399,99.490
1769725569.666562,99.490
1769725569.694516,99.480
1769725569.723606,99.490
1769725569.752218,99.500
1769725569.780236,99.490
1769725569.809083,99.500
1769725569.839088,99.500
1769725569.866930,99.490
1769725569.895057,99.500
1769725569.924215,99.490
1769725569.952881,99.480
1769725569.977837,99.480
1769725570.005822,99.490
1769725570.034333,99.490
1769725570.063387,99.500
1769725570.091993,99.490
1769725570.120605,99.490
1769725570.149562,99.490
1769725570.177801,99.500
1769725570.206949,99.490
1769725570.235447,99.500
1769725570.264312,99.490
1769725570.289279,99.490
1769725570.317413,99.500
1769725570.346091,99.490
1769725570.375410,99.490
1769725570.403690,99.490
1769725570.432155,99.490
1769725570.460446,99.490
1769725570.490357,99.490
1769725570.517646,99.500
1769725570.543137,99.490
1769725570.572143,99.490
1769725570.599862,99.490
1769725570.628617,99.490
1769725570.657607,99.490
1769725570.686080,99.490
1769725570.715290,99.490
1769725570.743076,99.490
1769725570.771984,99.500
1769725570.800244,99.490
1769725570.825217,99.480
1769725570.854128,99.490
1769725570.882966,99.490
1769725570.911070,99.490
1769725570.939785,99.500
1769725570.969245,99.500
1769725570.997548,99.490
1769725571.026174,99.490
1769725571.055296,99.500
1769725571.083294,99.490
1769725571.111588,99.480
1769725571.136364,99.490
1769725571.165225,99.490
1769725571.193488,99.490
1769725571.223514,99.490
1769725571.251710,99.490
1769725571.280214,99.490
1769725571.308219,99.490
1769725571.337054,99.500
1769725571.366038,99.490
1769725571.394916,99.490
1769725571.418992,99.500
1769725571.447553,99.490
1769725571.476271,99.490
1769725571.504868,99.490
1769725571.533490,99.490
1769725571.562824,99.490
1769725571.591339,99.500
1769725571.619772,99.500
1769725571.648678,99.480
1769725571.676655,99.500
1769725571.702409,99.490
1769725571.730858,99.490
1769725571.759809,99.510
1769725571.789832,99.490
1769725571.817009,99.490
1769725571.845294,99.490
1769725571.874335,99.490
1769725571.902357,99.490
1769725571.931354,99.490
1769725571.959700,99.490
1769725571.988596,99.480
1769725572.013630,99.490
1769725572.041685,99.500
1769725572.071679,99.500
1769725572.099736,99.490
1769725572.128361,99.500
1769725572.157526,99.500
1769725572.185538,99.500
1769725572.213643,99.490
1769725572.242830,99.480
1769725572.270821,99.490
1769725572.295761,99.490
1769725572.324429,99.500
1769725572.352731,99.490
1769725572.381883,99.500
1769725572.410219,99.480
1769725572.440090,99.490
1769725572.467783,99.490
1769725572.496061,99.490
1769725572.524806,99.500
1769725572.553695,99.500
1769725572.578566,99.490
1769725572.608549,99.500
1769725572.636549,99.490
1769725572.665562,99.500
1769725572.692666,99.500
1769725572.722892,99.490
1769725572.750654,99.480
1769725572.778780,99.490
1769725572.807668,99.490
1769725572.836262,99.490
1769725572.865568,99.490
1769725572.891154,99.490
1769725572.919316,99.490
1769725572.948108,99.490
1769725572.975751,99.490
1769725573.005547,99.480
1769725573.033355,99.490
1769725573.061745,99.490
1769725573.091613,99.500
1769725573.118619,99.500
1769725573.148118,99.490
1769725573.172343,99.500
1769725573.201339,99.500
1769725573.229805,99.500
1769725573.258482,99.500
1769725573.287479,99.490
1769725573.315476,99.500
1769725573.344175,99.490
1769725573.374492,99.490
1769725573.401626,99.500
1769725573.430657,99.500
1769725573.456323,99.490
1769725573.483813,99.490
1769725573.512438,99.490
1769725573.541519,99.490
1769725573.570459,99.490
1769725573.598405,99.490
1769725573.627181,99.500
1769725573.656899,99.490
1769725573.684859,99.500
1769725573.713254,99.490
1769725573.738060,99.490
1769725573.767441,99.510
1769725573.795003,99.500
1769725573.824220,99.490
1769725573.852587,99.500
1769725573.881580,99.500
1769725573.909580,99.500
1769725573.939988,99.490
1769725573.967149,99.490
1769725573.995962,99.480
1769725574.024034,99.490
1769725574.048809,99.490
1769725574.077794,99.490
1769725574.106805,99.500
1769725574.135484,99.490
1769725574.163790,99.490
1769725574.192795,99.500
1769725574.221079,99.490
1769725574.249950,99.490
1769725574.277832,99.490
1769725574.307227,99.490
1769725574.331693,99.500
1769725574.360569,99.500
1769725574.389322,99.490
1769725574.417863,99.490
1769725574.446259,99.490
1769725574.475359,99.500
1769725574.503354,99.490
1769725574.532386,99.490
1769725574.561266,99.500
1769725574.589634,99.500
1769725574.618315,99.490
1769725574.642985,99.490
1769725574.671964,99.490
1769725574.699970,99.490
1769725574.729234,99.490
1769725574.758292,99.490
1769725574.786398,99.490
1769725574.815244,99.500
1769725574.844239,99.500
1769725574.871435,99.500
1769725574.900517,99.490
1769725574.925672,99.480
1769725574.954682,99.490
1769725574.983708,99.490
1769725575.012077,99.480
1769725575.040722,99.490
1769725575.069450,99.490
1769725575.097283,99.490
1769725575.126538,99.480
1769725575.155219,99.490
1769725575.183843,99.480
1769725575.208847,99.500
1769725575.236865,99.500
1769725575.266121,99.480
1769725575.293853,99.490
1769725575.322999,99.490
1769725575.351524,99.500
1769725575.380557,99.490
1769725575.408686,99.500
1769725575.437350,99.500
1769725575.466360,99.500
1769725575.491252,99.490
1769725575.520264,99.500
1769725575.548435,99.500
1769725575.577228,99.490
1769725575.605769,99.500
1769725575.634842,99.490
1769725575.662935,99.500
1769725575.692186,99.500
1769725575.720319,99.490
1769725575.748972,99.490
1769725575.777936,99.490
1769725575.802360,99.480
1769725575.830511,99.490
1769725575.860045,99.500
1769725575.888390,99.490
1769725575.917648,99.490
1769725575.946240,99.490
1769725575.975240,99.500
1769725576.003242,99.500
1769725576.031346,99.500
1769725576.060505,99.490
1769725576.084459,99.490
1769725576.113535,99.490
1769725576.142559,99.490
1769725576.171513,99.500
1769725576.200088,99.500
1769725576.229105,99.490
1769725576.257051,99.500
1769725576.285602,99.490
1769725576.313814,99.490
1769725576.342696,99.490
1769725576.367645,99.490
1769725576.395920,99.500
1769725576.425058,99.480
1769725576.453855,99.490
1769725576.482368,99.490
1769725576.511387,99.490
1769725576.539800,99.490
1769725576.568316,99.500
1769725576.596511,99.490
1769725576.625975,99.490
1769725576.654501,99.490
1769725576.679135,99.490
1769725576.708138,99.500
1769725576.736357,99.500
1769725576.765425,99.490
1769725576.793437,99.500
1769725576.822444,99.500
1769725576.850873,99.500
1769725576.879991,99.490
1769725576.908239,99.500
1769725576.937273,99.500
1769725576.961046,99.490
1769725576.990111,99.490
1769725577.019110,99.490
1769725577.047933,99.500
1769725577.076545,99.500
1769725577.105713,99.480
1769725577.133882,99.500
1769725577.161618,99.500
1769725577.190854,99.490
1769725577.219844,99.500
1769725577.244868,99.500
1769725577.272877,99.500
1769725577.301950,99.490
1769725577.330125,99.490
1769725577.358755,99.500
1769725577.387938,99.490
1769725577.416921,99.500
1769725577.444663,99.490
1769725577.473762,99.500
1769725577.502660,99.490
1769725577.530752,99.490
1769725577.557395,99.500
1769725577.584140,99.490
1769725577.613406,99.480
1769725577.641428,99.480
1769725577.671024,99.500
1769725577.699182,99.490
1769725577.727689,99.490
1769725577.756876,99.490
1769725577.785454,99.480
1769725577.813608,99.490
1769725577.838271,99.490
1769725577.867846,99.490
1769725577.896274,99.530
1769725577.925295,99.720
1769725577.954018,99.880
1769725577.981473,99.790
1769725578.011373,99.710
1769725578.039461,99.680
1769725578.067986,99.700
1769725578.096081,99.660
1769725578.120980,99.540
1769725578.150365,99.580
1769725578.178657,99.560
1769725578.207674,99.590
1769725578.236201,99.650
1769725578.264457,99.690
1769725578.293389,99.720
1769725578.321523,99.720
1769725578.350218,99.710
1769725578.379157,99.760
1769725578.407161,99.810
1769725578.431970,99.850
1769725578.461236,99.910
1769725578.489886,99.990
1769725578.518004,100.020
1769725578.547299,100.040
1769725578.575639,100.110
1769725578.604401,100.190
1769725578.633170,100.240
1769725578.661268,100.270
1769725578.689811,100.310
1769725578.718437,100.340
1769725578.747316,100.370
1769725578.776148,100.380
1769725578.800568,100.400
1769725578.829077,100.420
1769725578.858304,100.420
1769725578.887238,100.430
1769725578.915645,100.380
1769725578.943845,100.380
1769725578.973205,100.400
1769725579.000567,100.400
1769725579.030484,100.430
1769725579.058545,100.480
1769725579.087760,100.480
1769725579.115880,100.490
1769725579.145026,100.470
1769725579.169927,100.440
1769725579.198126,100.300
1769725579.227127,100.220
1769725579.255984,100.140
1769725579.284025,100.060
1769725579.312998,99.900
1769725579.341119,99.810
1769725579.368922,99.620
1769725579.398339,99.520
1769725579.427301,99.540
1769725579.456168,99.540
1769725579.480369,99.540
1769725579.509279,99.530
1769725579.538294,99.540
1769725579.566422,99.530
1769725579.595933,99.530
1769725579.624380,99.530
1769725579.659151,99.530
1769725579.682041,99.520
1769725579.710248,99.520
1769725579.738446,99.520
1769725579.767377,99.520
1769725579.791653,99.520
1769725579.820717,99.520
1769725579.849536,99.510
1769725579.878492,99.520
1769725579.907533,99.520
1769725579.935689,99.510
1769725579.964423,99.510
1769725579.993847,99.510
1769725580.021962,99.510
1769725580.049868,99.500
1769725580.075444,99.500
1769725580.104307,99.510
1769725580.132278,99.500
1769725580.161061,99.500
1769725580.190143,99.500
1769725580.218541,99.500
1769725580.247215,99.510
1769725580.275280,99.510
1769725580.304431,99.500
1769725580.333323,99.500
1769725580.361976,99.500
1769725580.387051,99.510
1769725580.414719,99.500
1769725580.443886,99.510
1769725580.472594,99.500
1769725580.501585,99.510
1769725580.530132,99.500
1769725580.558881,99.500
1769725580.587105,99.500
1769725580.615998,99.500
1769725580.644196,99.500
1769725580.669014,99.500
1769725580.697215,99.510
1769725580.726290,99.640
1769725580.755085,99.680
1769725580.783626,99.690
1769725580.812538,99.760
1769725580.841329,99.770
1769725580.870088,99.820
1769725580.898125,99.880
1769725580.927031,99.950
1769725580.955717,100.000
1769725580.979988,100.060
1769725581.009909,100.090
1769725581.038118,100.110
1769725581.066061,100.150
1769725581.094859,100.200
1769725581.123349,100.220
1769725581.151892,100.200
1769725581.181180,100.240
1769725581.209455,100.220
1769725581.238253,100.230
1769725581.266618,100.320
1769725581.295749,100.320
1769725581.323631,100.340
1769725581.348735,100.380
1769725581.377751,100.380
1769725581.407469,100.380
1769725581.434702,100.380
1769725581.463869,100.420
1769725581.492650,100.480
1769725581.520639,100.510
1769725581.549825,100.570
1769725581.578642,100.610
1769725581.606554,100.640
1769725581.635653,100.630
1769725581.664486,100.630
1769725581.692549,100.680
1769725581.721478,100.460
1769725581.745589,100.340
1769725581.774324,100.470
1769725581.804689,100.560
1769725581.833185,100.630
1769725581.860787,100.740
1769725581.891155,100.720
1769725581.919124,100.760
1769725581.947187,100.910
1769725581.975653,101.050
1769725582.004742,101.100
1769725582.033113,101.090
1769725582.061804,101.090
1769725582.090327,101.180
1769725582.114753,101.220
1769725582.143150,101.240
1769725582.172460,101.260
1769725582.201397,101.310
1769725582.229700,101.350
1769725582.258711,101.470
1769725582.286595,101.430
1769725582.315966,101.380
1769725582.344129,101.410
1769725582.373196,101.410
1769725582.401230,101.410
1769725582.430331,101.500
1769725582.459012,101.590
1769725582.484016,101.590
1769725582.512293,101.680
1769725582.541185,101.860
1769725582.570343,101.890
1769725582.598572,101.870
1769725582.626928,101.730
1769725582.656745,101.480
1769725582.684690,100.930
1769725582.713217,100.470
1769725582.742326,100.210
1769725582.770971,99.790
1769725582.799017,99.570
1769725582.827785,99.560
1769725582.852007,99.580
1769725582.881580,99.600
1769725582.909980,99.600
1769725582.938107,99.600
1769725582.966899,99.600
1769725582.995799,99.590
1769725583.024767,99.600
1769725583.053594,99.590
1769725583.081826,99.570
1769725583.110719,99.580
1769725583.138859,99.580
1769725583.163821,99.580
1769725583.192876,99.570
1769725583.220818,99.570
1769725583.249966,99.570
1769725583.278833,99.580
1769725583.307389,99.580
1769725583.335425,99.570
1769725583.363985,99.560
1769725583.392925,99.570
1769725583.421990,99.560
1769725583.446376,99.570
1769725583.474870,99.570
1769725583.503220,99.580
1769725583.532351,99.560
1769725583.560978,99.570
1769725583.589896,99.570
1769725583.617671,99.570
1769725583.646865,99.570
1769725583.675704,99.570
1769725583.704612,99.560
1769725583.728555,99.560
1769725583.758578,99.570
1769725583.787041,99.560
1769725583.815036,99.560
1769725583.843467,99.570
1769725583.872914,99.570
1769725583.901638,99.560
1769725583.929722,99.560
1769725583.959171,99.560
1769725583.986672,99.560
1769725584.011792,99.550
1769725584.040962,99.560
1769725584.069401,99.570
1769725584.098396,99.570
1769725584.127386,99.560
1769725584.155120,99.560
1769725584.184188,99.570
1769725584.212443,99.560
1769725584.240853,99.560
1769725584.269643,99.570
1769725584.294791,99.560
1769725584.323928,99.560
1769725584.351948,99.560
1769725584.380187,99.560
1769725584.408832,99.560
1769725584.437896,99.560
1769725584.466381,99.570
1769725584.495394,99.560
1769725584.524406,99.570
1769725584.552739,99.570
1769725584.577327,99.560
1769725584.606323,99.570
1769725584.634319,99.570
1769725584.662871,99.580
1769725584.697869,99.560
1769725584.719865,99.580
1769725584.749125,99.560
1769725584.777646,99.570
1769725584.806656,99.540
1769725584.834754,99.570
1769725584.859744,99.570
1769725584.887775,99.560
1769725584.917813,99.570
1769725584.945937,99.560
1769725584.974728,99.560
1769725585.003723,99.580
1769725585.031673,99.620
1769725585.060657,99.650
1769725585.089676,99.600
1769725585.117635,99.640
1769725585.142931,99.630
1769725585.171839,99.770
1769725585.200040,100.150
1769725585.229038,100.400
1769725585.258233,100.370
1769725585.286087,100.180
1769725585.314062,100.010
1769725585.342390,100.000
1769725585.371335,99.990
1769725585.400234,99.980
1769725585.429346,100.020
1769725585.457525,100.050
1769725585.486284,100.040
1769725585.511322,100.030
1769725585.540322,100.010
1769725585.568312,100.010
1769725585.597280,100.030
1769725585.626278,100.040
1769725585.654062,100.030
1769725585.683291,100.020
1769725585.711155,100.020
1769725585.739927,100.030
1769725585.768782,100.030
1769725585.797337,100.030
1769725585.826523,100.020
1769725585.854741,100.030
1769725585.879762,100.040
1769725585.908768,100.040
1769725585.936789,100.030
1769725585.965666,100.030
1769725585.994754,100.030
1769725586.023753,100.040
1769725586.051938,100.030
1769725586.080659,100.030
1769725586.109531,100.030
1769725586.137842,100.120
1769725586.166618,100.240
1769725586.195568,100.340
1769725586.224660,100.500
1769725586.248968,100.370
1769725586.277534,100.300
1769725586.306005,100.090
1769725586.335006,99.980
1769725586.363653,99.970
1769725586.392919,100.010
1769725586.420527,99.890
1769725586.449319,99.590
1769725586.477836,99.600
1769725586.506635,99.600
1769725586.534668,99.590
1769725586.559644,99.600
1769725586.589327,99.600
1769725586.617347,99.580
1769725586.646354,99.590
1769725586.674937,99.600
1769725586.702968,99.590
1769725586.731400,99.590
1769725586.760159,99.590
1769725586.788857,99.580
1769725586.817730,99.590
1769725586.842685,99.600
1769725586.871526,99.590
1769725586.900475,99.580
1769725586.928165,99.600
1769725586.957547,99.600
1769725586.986170,99.590
1769725587.014280,99.590
1769725587.043181,99.600
1769725587.071963,99.590
1769725587.100019,99.590
1769725587.125970,99.590
1769725587.154159,99.590
1769725587.182803,99.590
1769725587.212195,99.580
1769725587.240471,99.590
1769725587.269055,99.590
1769725587.297350,99.590
1769725587.326351,99.590
1769725587.354430,99.590
1769725587.383024,99.580
1769725587.407857,99.590
1769725587.436352,99.600
1769725587.465001,99.590
1769725587.494962,99.590
1769725587.522551,99.580
1769725587.551586,99.590
1769725587.580256,99.590
1769725587.609215,99.580
1769725587.636779,99.590
1769725587.665720,99.590
1769725587.691076,99.610
1769725587.718868,99.590
1769725587.747096,99.670
1769725587.775873,99.610
1769725587.805482,99.580
1769725587.833847,99.590
1769725587.862706,99.580
1769725587.891746,99.590
1769725587.919215,99.590
1769725587.948325,99.590
1769725587.975830,99.580
1769725588.001160,99.600
1769725588.030050,99.590
1769725588.060114,99.590
1769725588.088139,99.590
1769725588.116770,99.600
1769725588.144890,99.580
1769725588.173532,99.590
1769725588.202674,99.580
1769725588.230711,99.590
1769725588.259840,99.590
1769725588.284550,99.590
1769725588.312552,99.600
1769725588.342527,99.600
1769725588.370941,99.590
1769725588.398071,99.600
1769725588.428083,99.590
1769725588.456455,99.600
1769725588.484569,99.580
1769725588.513632,99.580
1769725588.542639,99.600
1769725588.566498,99.590
1769725588.595173,99.590
1769725588.624425,99.590
1769725588.652778,99.590
1769725588.681517,99.600
1769725588.709952,99.600
1769725588.739353,99.590
1769725588.767086,99.580
1769725588.796320,99.590
1769725588.824595,99.590
1769725588.849597,99.590
1769725588.879038,99.600
1769725588.908043,99.590
1769725588.935873,99.590
1769725588.964671,99.590
1769725588.993090,99.590
1769725589.022044,99.590
1769725589.050255,99.590
1769725589.079160,99.590
1769725589.108151,99.600
1769725589.132610,99.590
1769725589.160391,99.590
1769725589.189573,99.600
1769725589.218525,99.600
1769725589.247519,99.610
1769725589.275928,99.600
1769725589.304020,99.590
1769725589.332446,99.590
1769725589.361258,99.590
1769725589.389877,99.590
1769725589.414981,99.600
1769725589.444001,99.600
1769725589.472789,99.600
1769725589.501195,99.590
1769725589.529940,99.590
1769725589.559064,99.600
1769725589.587899,99.590
1769725589.615859,99.580
1769725589.643754,99.590
1769725589.672689,99.610
1769725589.697749,99.590
1769725589.725714,99.580
1769725589.754851,99.590
1769725589.783536,99.590
1769725589.812525,99.590
1769725589.841599,99.600
1769725589.870537,99.600
1769725589.898036,99.600
1769725589.927032,99.600
1769725589.956093,99.610
1769725589.980830,99.600
1769725590.009828,99.590
1769725590.036954,99.600
1769725590.065920,99.590
1769725590.094944,99.600
1769725590.123945,99.600
1769725590.151937,99.590
1769725590.180384,99.590
1769725590.209292,99.590
1769725590.237960,99.580
1769725590.266992,99.590
1769725590.291300,99.600
1769725590.320224,99.590
1769725590.349276,99.590
1769725590.378141,99.590
1769725590.407129,99.600
1769725590.435140,99.580
1769725590.463247,99.580
1769725590.491886,99.590
1769725590.520262,99.590
1769725590.549031,99.580
1769725590.573708,99.590
1769725590.602697,99.590
1769725590.631620,99.580
1769725590.660710,99.580
1769725590.689851,99.600
1769725590.717855,99.600
1769725590.745728,99.600
1769725590.774492,99.610
1769725590.803223,99.600
1769725590.832208,99.590
1769725590.856939,99.600
1769725590.885215,99.590
1769725590.913524,99.600
1769725590.942851,99.610
1769725590.972051,99.600
1769725591.000066,99.600
1769725591.028596,99.590
1769725591.057443,99.590
1769725591.086154,99.600
1769725591.115046,99.590
1769725591.140000,99.590
1769725591.168586,99.600
1769725591.196988,99.590
1769725591.226572,99.600
1769725591.254756,99.590
1769725591.282884,99.590
1769725591.311810,99.590
1769725591.339854,99.600
1769725591.368441,99.590
1769725591.397716,99.600
1769725591.421854,99.600
1769725591.450794,99.590
1769725591.479480,99.590
1769725591.508428,99.590
1769725591.536521,99.600
1769725591.565679,99.590
1769725591.594180,99.590
1769725591.623219,99.580
1769725591.651217,99.580
1769725591.680132,99.590
1769725591.705172,99.600
1769725591.733150,99.580
1769725591.762306,99.590
1769725591.791733,99.590
1769725591.819195,99.600
1769725591.848307,99.610
1769725591.877132,99.610
1769725591.905976,99.590
1769725591.934376,99.590
1769725591.963341,99.600
1769725591.988120,99.600
1769725592.016177,99.600
1769725592.045266,99.590
1769725592.076952,99.600
1769725592.101568,99.600
1769725592.130666,99.590
1769725592.159650,99.600
1769725592.188483,99.590
1769725592.216514,99.600
1769725592.245420,99.590
1769725592.270591,99.600
1769725592.298122,99.590
1769725592.327788,99.590
1769725592.356903,99.590
1769725592.384515,99.600
1769725592.413512,99.590
1769725592.441659,99.580
1769725592.470995,99.590
1769725592.499322,99.590
1769725592.527579,99.600
1769725592.556397,99.590
1769725592.581623,99.600
1769725592.610591,99.600
1769725592.639020,99.600
1769725592.668180,99.600
1769725592.695997,99.590
1769725592.726278,99.590
1769725592.753394,99.590
1769725592.782749,99.600
1769725592.810417,99.590
1769725592.839548,99.600
1769725592.864497,99.600
1769725592.893873,99.600
1769725592.922011,99.600
1769725592.950192,99.600
1769725592.979030,99.600
1769725593.008079,99.590
1769725593.036482,99.590
1769725593.064361,99.590
1769725593.093710,99.590
1769725593.121966,99.590
1769725593.146687,99.600
1769725593.175717,99.590
1769725593.204041,99.600
1769725593.232560,99.590
1769725593.261505,99.600
1769725593.290554,99.590
1769725593.318687,99.610
1769725593.347742,99.600
1769725593.376374,99.590
1769725593.404411,99.590
1769725593.429396,99.600
1769725593.459000,99.600
1769725593.486820,99.600
1769725593.515751,99.600
1769725593.545083,99.590
1769725593.573010,99.590
1769725593.601496,99.600
1769725593.630663,99.600
1769725593.658944,99.590
1769725593.687206,99.600
1769725593.712290,99.600
1769725593.741296,99.590
1769725593.769887,99.600
1769725593.798615,99.600
1769725593.827572,99.590
1769725593.855540,99.590
1769725593.884152,99.600
1769725593.913054,99.600
1769725593.941191,99.600
1769725593.970403,99.600
1769725593.995524,99.600
1769725594.023518,99.590
1769725594.053073,99.600
1769725594.080645,99.600
1769725594.110579,99.600
1769725594.138599,99.600
1769725594.166675,99.600
1769725594.195765,99.600
1769725594.223866,99.590
1769725594.253083,99.600
1769725594.277923,99.600
1769725594.306416,99.600
1769725594.334893,99.590
1769725594.363989,99.590
1769725594.392596,99.590
1769725594.421578,99.600
1769725594.449586,99.600
1769725594.478358,99.600
1769725594.507404,99.610
1769725594.535480,99.610
1769725594.564411,99.590
1769725594.589140,99.590
1769725594.617284,99.590
1769725594.646284,99.590
1769725594.674314,99.600
1769725594.712862,99.600
1769725594.733941,99.590
1769725594.760957,99.600
1769725594.789212,99.590
1769725594.817819,99.600
1769725594.846984,99.610
1769725594.872138,99.600
1769725594.900326,99.600
1769725594.929671,99.600
1769725594.957829,99.600
1769725594.985767,99.600
1769725595.014663,99.600
1769725595.043803,99.600
1769725595.071825,99.590
1769725595.100866,99.600
1769725595.129094,99.600
1769725595.155025,99.590
1769725595.183187,99.600
1769725595.211225,99.600
1769725595.240336,99.610
1769725595.268761,99.600
1769725595.298694,99.600
1769725595.326213,99.600
1769725595.354209,99.590
1769725595.382827,99.600
1769725595.412048,99.600
1769725595.436959,99.590
1769725595.465075,99.600
1769725595.494677,99.600
1769725595.523674,99.610
1769725595.551674,99.600
1769725595.580156,99.600
1769725595.609244,99.600
1769725595.637333,99.600
1769725595.666285,99.600
1769725595.695932,99.590
1769725595.719022,99.600
1769725595.747919,99.600
1769725595.776827,99.600
1769725595.805310,99.590
1769725595.834215,99.590
1769725595.863007,99.580
1769725595.890805,99.580
1769725595.919959,99.590
1769725595.948885,99.600
1769725595.976935,99.600
1769725596.002528,99.600
1769725596.030757,99.600
1769725596.060107,99.600
1769725596.087800,99.600
1769725596.117085,99.590
1769725596.146306,99.590
1769725596.175061,99.590
1769725596.203298,99.590
1769725596.231744,99.590
1769725596.260247,99.590
1769725596.284207,99.600
1769725596.313240,99.590
1769725596.343202,99.590
1769725596.371301,99.600
1769725596.399150,99.590
1769725596.429058,99.580
1769725596.457102,99.590
1769725596.485866,99.600
1769725596.513852,99.580
1769725596.541906,99.590
1769725596.570577,99.600
1769725596.595932,99.590
1769725596.625165,99.590
1769725596.653156,99.600
1769725596.681943,99.590
1769725596.710946,99.600
1769725596.739178,99.590
1769725596.767953,99.600
1769725596.796316,99.590
1769725596.825361,99.600
1769725596.853289,99.590
1769725596.878568,99.590
1769725596.907699,99.600
1769725596.935745,99.590
1769725596.964722,99.610
1769725596.993798,99.600
1769725597.022244,99.600
1769725597.050788,99.590
1769725597.078278,99.600
1769725597.108190,99.590
1769725597.136398,99.600
1769725597.161766,99.600
1769725597.190782,99.600
1769725597.218630,99.600
1769725597.247734,99.600
1769725597.276851,99.600
1769725597.304584,99.600
1769725597.333570,99.600
1769725597.361573,99.590
1769725597.390408,99.590
1769725597.419327,99.590
1769725597.444363,99.600
1769725597.472480,99.600
1769725597.500097,99.590
1769725597.529742,99.600
1769725597.559745,99.600
1769725597.587574,99.590
1769725597.616288,99.590
1769725597.644604,99.590
1769725597.673801,99.600
1769725597.701545,99.600
1769725597.727965,99.590
1769725597.754970,99.600
1769725597.783493,99.590
1769725597.813265,99.590
1769725597.841251,99.610
1769725597.870380,99.590
1769725597.898868,99.590
1769725597.926872,99.590
1769725597.955615,99.600
1769725597.984348,99.590
1769725598.011369,99.600
1769725598.038369,99.600
1769725598.066972,99.590
1769725598.095676,99.600
1769725598.124663,99.600
1769725598.153693,99.590
1769725598.181771,99.600
1769725598.210507,99.590
1769725598.238493,99.600
1769725598.267507,99.600
1769725598.292998,99.600
1769725598.320987,99.600
1769725598.348989,99.590
1769725598.377382,99.590
1769725598.406048,99.590
1769725598.435037,99.600
1769725598.464049,99.600
1769725598.492783,99.600
1769725598.520791,99.590
1769725598.549460,99.600
1769725598.575207,99.590
1769725598.602848,99.590
1769725598.631581,99.590
1769725598.660410,99.590
1769725598.689646,99.590
1769725598.718070,99.590
1769725598.746821,99.600
1769725598.774792,99.590
1769725598.803388,99.590
1769725598.832864,99.600
1769725598.861957,99.590
1769725598.885706,99.600
1769725598.914837,99.590
1769725598.943818,99.590
1769725598.972229,99.590
1769725599.000906,99.600
1769725599.029898,99.600
1769725599.057900,99.600
1769725599.086764,99.600
1769725599.114754,99.600
1769725599.143746,99.590
1769725599.168763,99.590
1769725599.197310,99.600
1769725599.226294,99.600
1769725599.254298,99.600
1769725599.283304,99.600
1769725599.312333,99.590
1769725599.340695,99.590
1769725599.369140,99.590
1769725599.398006,99.580
1769725599.426341,99.590
1769725599.451527,99.590
1769725599.480058,99.600
1769725599.509690,99.590
1769725599.537784,99.590
1769725599.567906,99.600
1769725599.596581,99.600
1769725599.623574,99.590
1769725599.651560,99.600
1769725599.680687,99.590
1769725599.708426,99.590
1769725599.733458,99.580
1769725599.762436,99.590
1769725599.794173,99.600
1769725599.819307,99.610
1769725599.848294,99.590
1769725599.877215,99.600
1769725599.905970,99.590
1769725599.934065,99.600
1769725599.963227,99.590
1769725599.991640,99.590
1769725600.016650,99.600
1769725600.045650,99.590
1769725600.074712,99.590
1769725600.102684,99.590
1769725600.131683,99.590
1769725600.160690,99.600
1769725600.189424,99.600
1769725600.217542,99.590
1769725600.245727,99.600
1769725600.274835,99.580
1769725600.299394,99.600
1769725600.328399,99.600
1769725600.356808,99.600
1769725600.384911,99.600
1769725600.413980,99.600
1769725600.442972,99.590
1769725600.470992,99.590
1769725600.499802,99.600
1769725600.528800,99.590
1769725600.557799,99.590
1769725600.585900,99.600
1769725600.610664,99.600
1769725600.639648,99.590
1769725600.668745,99.580
1769725600.697061,99.600
1769725600.726061,99.590
1769725600.754152,99.590
1769725600.782249,99.600
1769725600.811724,99.590
1769725600.839892,99.590
1769725600.868722,99.590
1769725600.893656,99.590
1769725600.922002,99.600
1769725600.950948,99.600
1769725600.979515,99.600
1769725601.008192,99.590
1769725601.036284,99.590
1769725601.065347,99.580
1769725601.093361,99.590
1769725601.122487,99.590
1769725601.151344,99.590
1769725601.176730,99.590
1769725601.204914,99.590
1769725601.233079,99.600
1769725601.263001,99.590
1769725601.290883,99.590
1769725601.319099,99.590
1769725601.347971,99.590
1769725601.376228,99.590
1769725601.404850,99.590
1769725601.433090,99.590
1769725601.458371,99.600
1769725601.486411,99.600
1769725601.515888,99.590
1769725601.544437,99.590
1769725601.573172,99.590
1769725601.602262,99.580
1769725601.630888,99.600
1769725601.659710,99.590
1769725601.688197,99.590
1769725601.716858,99.590
1769725601.741857,99.590
1769725601.770860,99.590
1769725601.798815,99.600
1769725601.827821,99.600
1769725601.856770,99.600
1769725601.885254,99.590
1769725601.913370,99.590
1769725601.942366,99.590
1769725601.970490,99.590
1769725601.998679,99.590
1769725602.023460,99.600
1769725602.052395,99.590
1769725602.081413,99.590
1769725602.111209,99.600
1769725602.138680,99.600
1769725602.167417,99.590
1769725602.196050,99.600
1769725602.224818,99.590
1769725602.253761,99.590
1769725602.281822,99.610
1769725602.306578,99.600
1769725602.334971,99.590
1769725602.364925,99.600
1769725602.393069,99.590
1769725602.421645,99.590
1769725602.450424,99.610
1769725602.478951,99.590
1769725602.506575,99.590
1769725602.535776,99.590
1769725602.564681,99.580
1769725602.593466,99.580
1769725602.617988,99.590
1769725602.646991,99.590
1769725602.675040,99.580
1769725602.704695,99.590
1769725602.733042,99.580
1769725602.761105,99.580
1769725602.789861,99.590
1769725602.818475,99.580
1769725602.846735,99.580
1769725602.875772,99.590
1769725602.900654,99.590
1769725602.929610,99.590
1769725602.957345,99.590
1769725602.987567,99.600
1769725603.015108,99.590
1769725603.044077,99.590
1769725603.072899,99.590
1769725603.101041,99.590
1769725603.129937,99.600
1769725603.158807,99.590
1769725603.183179,99.590
1769725603.212721,99.580
1769725603.240765,99.590
1769725603.270031,99.590
1769725603.297696,99.590
1769725603.327697,99.590
1769725603.355339,99.590
1769725603.383318,99.590
1769725603.412376,99.580
1769725603.441378,99.600
1769725603.465812,99.600
1769725603.494563,99.600
1769725603.523408,99.590
1769725603.551886,99.600
1769725603.580198,99.600
1769725603.609414,99.600
1769725603.638298,99.600
1769725603.666397,99.590
1769725603.695266,99.590
1769725603.723215,99.600
1769725603.747198,99.600
1769725603.777099,99.590
1769725603.805581,99.600
1769725603.834256,99.590
1769725603.863297,99.600
1769725603.891561,99.600
1769725603.920375,99.600
1769725603.949032,99.590
1769725603.977690,99.600
1769725604.006499,99.600
1769725604.031298,99.590
1769725604.059621,99.590
1769725604.088723,99.600
1769725604.116965,99.590
1769725604.145995,99.590
1769725604.174401,99.590
1769725604.203377,99.590
1769725604.231352,99.590
1769725604.260236,99.600
1769725604.289360,99.590
1769725604.313080,99.590
1769725604.342281,99.580
1769725604.371315,99.590
1769725604.399806,99.580
1769725604.428828,99.590
1769725604.456843,99.600
1769725604.485408,99.580
1769725604.514144,99.590
1769725604.544207,99.590
1769725604.571656,99.590
1769725604.595873,99.600
1769725604.624510,99.590
1769725604.653204,99.600
1769725604.682205,99.600
1769725604.711116,99.600
1769725604.740145,99.590
1769725604.768102,99.600
1769725604.797163,99.600
1769725604.825417,99.590
1769725604.854415,99.590
1769725604.882408,99.590
1769725604.907199,99.590
1769725604.936096,99.590
1769725604.964966,99.590
1769725604.994771,99.590
1769725605.022524,99.580
1769725605.050835,99.590
1769725605.079713,99.590
1769725605.107359,99.590
1769725605.136331,99.580
1769725605.165461,99.580
1769725605.189905,99.590
1769725605.218776,99.580
1769725605.247703,99.570
1769725605.277054,99.580
1769725605.304708,99.580
1769725605.333711,99.590
1769725605.362710,99.590
1769725605.391420,99.590
1769725605.419174,99.580
1769725605.448187,99.590
1769725605.473203,99.580
1769725605.501051,99.600
1769725605.530054,99.590
1769725605.559044,99.590
1769725605.588000,99.600
1769725605.616585,99.600
1769725605.645566,99.580
1769725605.673364,99.590
1769725605.701876,99.600
1769725605.730818,99.590
1769725605.755803,99.590
1769725605.784100,99.590
1769725605.813934,99.600
1769725605.842233,99.580
1769725605.870141,99.600
1769725605.899322,99.590
1769725605.927287,99.580
1769725605.955437,99.600
1769725605.984678,99.590
1769725606.013216,99.590
1769725606.037544,99.600
1769725606.066584,99.590
1769725606.096046,99.600
1769725606.124678,99.600
1769725606.153277,99.600
1769725606.181726,99.600
1769725606.210466,99.590
1769725606.238465,99.600
1769725606.267142,99.600
1769725606.296052,99.590
1769725606.320791,99.590
1769725606.349003,99.590
1769725606.378016,99.590
1769725606.407028,99.590
1769725606.435421,99.590
1769725606.464652,99.600
1769725606.492622,99.580
1769725606.520283,99.600
1769725606.549776,99.590
1769725606.578132,99.590
1769725606.603636,99.590
1769725606.631999,99.600
1769725606.660442,99.600
1769725606.694472,99.590
1769725606.717722,99.590
1769725606.746722,99.600
1769725606.774840,99.590
1769725606.803339,99.590
1769725606.832234,99.590
1769725606.861081,99.590
1769725606.885667,99.580
1769725606.914711,99.590
1769725606.942721,99.590
1769725606.971726,99.600
1769725607.000817,99.590
1769725607.029428,99.590
1769725607.058065,99.600
1769725607.086706,99.600
1769725607.115310,99.600
1769725607.143734,99.600
1769725607.168110,99.590
1769725607.197239,99.600
1769725607.226202,99.600
1769725607.255124,99.600
1769725607.283221,99.600
1769725607.312645,99.600
1769725607.341151,99.590
1769725607.369153,99.590
1769725607.398165,99.590
1769725607.426363,99.600
1769725607.455032,99.600
1769725607.479615,99.590
1769725607.508998,99.590
1769725607.537797,99.600
1769725607.565804,99.590
1769725607.594646,99.600
1769725607.623253,99.590
1769725607.652115,99.600
1769725607.680477,99.590
1769725607.709009,99.590
1769725607.737399,99.580
1769725607.762280,99.590
1769725607.791390,99.600
1769725607.819802,99.590
1769725607.848891,99.590
1769725607.877807,99.600
1769725607.906232,99.590
1769725607.935130,99.590
1769725607.963132,99.590
1769725607.992272,99.590
1769725608.020442,99.590
1769725608.045340,99.590
1769725608.073106,99.590
1769725608.102414,99.590
1769725608.131027,99.590
1769725608.159867,99.590
1769725608.189233,99.600
1769725608.217410,99.590
1769725608.245846,99.590
1769725608.275159,99.590
1769725608.303178,99.590
1769725608.328372,99.580
1769725608.356593,99.590
1769725608.385628,99.580
1769725608.414095,99.580
1769725608.442286,99.590
1769725608.471702,99.580
1769725608.499727,99.590
1769725608.528674,99.590
1769725608.557559,99.590
1769725608.585898,99.580
1769725608.610437,99.590
1769725608.639386,99.590
1769725608.667641,99.580
1769725608.697025,99.590
1769725608.725684,99.580
1769725608.753703,99.580
1769725608.782434,99.590
1769725608.810978,99.580
1769725608.839978,99.590
1769725608.868689,99.590
1769725608.892744,99.600
1769725608.922232,99.580
1769725608.951097,99.590
1769725608.979145,99.590
1769725609.008555,99.590
1769725609.036416,99.580
1769725609.064927,99.580
1769725609.093964,99.580
1769725609.122317,99.580
1769725609.151629,99.580
1769725609.175421,99.590
1769725609.204951,99.590
1769725609.233455,99.580
1769725609.262475,99.580
1769725609.290458,99.580
1769725609.319362,99.570
1769725609.348342,99.580
1769725609.376342,99.570
1769725609.405475,99.570
1769725609.434210,99.580
1769725609.458175,99.580
1769725609.487458,99.590
1769725609.515487,99.580
1769725609.544489,99.580
1769725609.573886,99.590
1769725609.601996,99.590
1769725609.630665,99.590
1769725609.659180,99.590
1769725609.688037,99.590
1769725609.716208,99.590
1769725609.741938,99.580
1769725609.769240,99.580
1769725609.798832,99.590
1769725609.828080,99.580
1769725609.856197,99.580
1769725609.885087,99.600
1769725609.913211,99.590
1769725609.942232,99.580
1769725609.970544,99.580
1769725609.999572,99.590
1769725610.024020,99.570
1769725610.053057,99.590
1769725610.082456,99.590
1769725610.110367,99.580
1769725610.139211,99.590
1769725610.167167,99.590
1769725610.196328,99.590
1769725610.225047,99.590
1769725610.253659,99.580
1769725610.281665,99.570
1769725610.306782,99.590
1769725610.335510,99.590
1769725610.364529,99.580
1769725610.392941,99.580
1769725610.421912,99.580
1769725610.450376,99.590
1769725610.478356,99.590
1769725610.507406,99.590
1769725610.535996,99.590
1769725610.564631,99.590
1769725610.589995,99.590
1769725610.617929,99.590
1769725610.646945,99.580
1769725610.676041,99.590
1769725610.704154,99.590
1769725610.732896,99.590
1769725610.761906,99.580
1769725610.789905,99.590
1769725610.818779,99.580
1769725610.847788,99.590
1769725610.872777,99.580
1769725610.900892,99.580
1769725610.929668,99.580
1769725610.958640,99.590
1769725610.986654,99.590
1769725611.016471,99.590
1769725611.045486,99.590
1769725611.073469,99.580
1769725611.101176,99.580
1769725611.131023,99.590
1769725611.155036,99.580
1769725611.184017,99.580
1769725611.213139,99.590
1769725611.241159,99.580
1769725611.270158,99.580
1769725611.298162,99.580
1769725611.326996,99.580
1769725611.355003,99.580
1769725611.384003,99.570
1769725611.413078,99.590
1769725611.436865,99.580
1769725611.465836,99.580
1769725611.494839,99.580
1769725611.523652,99.580
1769725611.551644,99.580
1769725611.580556,99.590
1769725611.609836,99.580
1769725611.637910,99.580
1769725611.666510,99.580
1769725611.694137,99.590
1769725611.720114,99.590
1769725611.747975,99.590
1769725611.777745,99.580
1769725611.806194,99.580
1769725611.834451,99.590
1769725611.863264,99.580
1769725611.891684,99.580
1769725611.919934,99.580
1769725611.949493,99.580
1769725611.977791,99.580
1769725612.003093,99.590
1769725612.032170,99.590
1769725612.061174,99.580
1769725612.089193,99.580
1769725612.118086,99.590
1769725612.147049,99.590
1769725612.174949,99.580
1769725612.203017,99.580
1769725612.232747,99.590
1769725612.260743,99.590
1769725612.284972,99.580
1769725612.314133,99.580
1769725612.343874,99.580
1769725612.371890,99.580
1769725612.399600,99.580
1769725612.429481,99.580
1769725612.457468,99.570
1769725612.486485,99.580
1769725612.514373,99.600
1769725612.543952,99.590
1769725612.571941,99.580
1769725612.596946,99.580
1769725612.624878,99.580
1769725612.653883,99.580
1769725612.682887,99.580
1769725612.712110,99.580
1769725612.739875,99.580
1769725612.768868,99.580
1769725612.797338,99.580
1769725612.825880,99.590
1769725612.854802,99.590
1769725612.880467,99.590
1769725612.908569,99.580
1769725612.936574,99.580
1769725612.965606,99.580
1769725612.994560,99.580
1769725613.023457,99.580
1769725613.051347,99.580
1769725613.080458,99.580
1769725613.108436,99.590
1769725613.137204,99.590
1769725613.163209,99.590
1769725613.191206,99.580
1769725613.220038,99.590
1769725613.249041,99.590
1769725613.277045,99.580
1769725613.306071,99.590
1769725613.334753,99.570
1769725613.362753,99.580
1769725613.391704,99.580
1769725613.419588,99.580
1769725613.444592,99.590
1769725613.473618,99.580
1769725613.501591,99.590
1769725613.530955,99.580
1769725613.559424,99.590
1769725613.588479,99.570
1769725613.616838,99.590
1769725613.645917,99.580
1769725613.674017,99.590
1769725613.703044,99.590
1769725613.727895,99.580
1769725613.756257,99.580
1769725613.784237,99.590
1769725613.814306,99.590
1769725613.842060,99.590
1769725613.870788,99.590
1769725613.899523,99.580
1769725613.928408,99.590
1769725613.956374,99.590
1769725613.985395,99.580
1769725614.009970,99.590
1769725614.039720,99.570
1769725614.067692,99.590
1769725614.095742,99.590
1769725614.124458,99.580
1769725614.153382,99.590
1769725614.182452,99.590
1769725614.211165,99.590
1769725614.239401,99.580
1769725614.267424,99.580
1769725614.292604,99.580
1769725614.322010,99.580
1769725614.350589,99.580
1769725614.379793,99.570
1769725614.407645,99.570
1769725614.436045,99.580
1769725614.464974,99.580
1769725614.492970,99.580
1769725614.521964,99.570
1769725614.550936,99.590
1769725614.575408,99.580
1769725614.604107,99.570
1769725614.632874,99.570
1769725614.661875,99.580
1769725614.690875,99.570
1769725614.719057,99.570
1769725614.747117,99.570
1769725614.776004,99.580
1769725614.831863,99.580
1769725614.833543,99.580
1769725614.858058,99.570
1769725614.886569,99.570
1769725614.914720,99.570
1769725614.943402,99.580
1769725614.972407,99.580
1769725615.001465,99.570
1769725615.030065,99.570
1769725615.058741,99.580
1769725615.086743,99.580
1769725615.115989,99.590
1769725615.140873,99.580
1769725615.169599,99.580
1769725615.197793,99.570
1769725615.226900,99.570
1769725615.255886,99.580
1769725615.283860,99.580
1769725615.313064,99.580
1769725615.341330,99.570
1769725615.370192,99.570
1769725615.398190,99.580
1769725615.422709,99.570
1769725615.451750,99.580
1769725615.481722,99.580
1769725615.509899,99.580
1769725615.537973,99.590
1769725615.567240,99.570
1769725615.596390,99.580
1769725615.624560,99.580
1769725615.652641,99.570
1769725615.681512,99.570
1769725615.706565,99.580
1769725615.734413,99.590
1769725615.764740,99.580
1769725615.792779,99.580
1769725615.820238,99.580
1769725615.849820,99.570
1769725615.877820,99.580
1769725615.906374,99.570
1769725615.934950,99.580
1769725615.963287,99.570
1769725615.989324,99.580
1769725616.017316,99.580
1769725616.046431,99.580
1769725616.074457,99.580
1769725616.103409,99.580
1769725616.131416,99.580
1769725616.161410,99.580
1769725616.189419,99.570
1769725616.218085,99.570
1769725616.246718,99.570
1769725616.271300,99.580
1769725616.300342,99.580
1769725616.330166,99.580
1769725616.357301,99.580
1769725616.385769,99.570
1769725616.415371,99.580
1769725616.443891,99.570
1769725616.471967,99.590
1769725616.500285,99.580
1769725616.528962,99.570
1769725616.553940,99.570
1769725616.582453,99.580
1769725616.613472,99.570
1769725616.640064,99.580
1769725616.669101,99.570
1769725616.698071,99.580
1769725616.725691,99.590
1769725616.754615,99.570
1769725616.782676,99.570
1769725616.812762,99.570
1769725616.836976,99.580
1769725616.864932,99.580
1769725616.893942,99.570
1769725616.922479,99.580
1769725616.951597,99.570
1769725616.979926,99.580
1769725617.008962,99.580
1769725617.037511,99.580
1769725617.065659,99.580
1769725617.093955,99.570
1769725617.118541,99.580
1769725617.147213,99.570
1769725617.176085,99.580
1769725617.205490,99.580
1769725617.234042,99.580
1769725617.262382,99.570
1769725617.291181,99.570
1769725617.319721,99.570
1769725617.348544,99.580
1769725617.376773,99.570
1769725617.401675,99.570
1769725617.431345,99.580
1769725617.459333,99.570
1769725617.487356,99.570
1769725617.516363,99.590
1769725617.545435,99.570
1769725617.574444,99.590
1769725617.602397,99.570
1769725617.631321,99.570
1769725617.660321,99.570
1769725617.684335,99.580
1769725617.713521,99.580
1769725617.742240,99.570
1769725617.770440,99.590
1769725617.799079,99.580
1769725617.827623,99.570
1769725617.856771,99.570
1769725617.885631,99.570
1769725617.913632,99.580
1769725617.942554,99.580
1769725617.967659,99.580
1769725617.996756,99.580
1769725618.024809,99.580
1769725618.053356,99.580
1769725618.082952,99.580
1769725618.110778,99.580
1769725618.139491,99.580
1769725618.168102,99.570
1769725618.196908,99.570
1769725618.225107,99.580
1769725618.250520,99.580
1769725618.278377,99.580
1769725618.307268,99.590
1769725618.335845,99.580
1769725618.365296,99.590
1769725618.393152,99.580
1769725618.422244,99.570
1769725618.450825,99.580
1769725618.479796,99.570
1769725618.507740,99.580
1769725618.532510,99.570
1769725618.561764,99.580
1769725618.589914,99.580
1769725618.618565,99.590
1769725618.647425,99.580
1769725618.676786,99.570
1769725618.704739,99.570
1769725618.733294,99.570
1769725618.761756,99.580
1769725618.790593,99.580
1769725618.815266,99.580
1769725618.843823,99.580
1769725618.872852,99.580
1769725618.900814,99.580
1769725618.929837,99.580
1769725618.958528,99.570
1769725618.987508,99.580
1769725619.015470,99.580
1769725619.044174,99.580
1769725619.073154,99.580
1769725619.098177,99.570
1769725619.126621,99.580
1769725619.154652,99.580
1769725619.183880,99.580
1769725619.213911,99.580
1769725619.241462,99.580
1769725619.269988,99.570
1769725619.299000,99.580
1769725619.326362,99.570
1769725619.355920,99.580
1769725619.381258,99.580
1769725619.409215,99.570
1769725619.437228,99.570
1769725619.465913,99.570
1769725619.494895,99.570
1769725619.524069,99.560
1769725619.552262,99.580
1769725619.581303,99.580
1769725619.610141,99.570
1769725619.638177,99.570
1769725619.663294,99.570
1769725619.692355,99.570
1769725619.720456,99.580
1769725619.749269,99.580
1769725619.778261,99.570
1769725619.816230,99.570
1769725619.835079,99.570
1769725619.864122,99.570
1769725619.892134,99.570
1769725619.921222,99.580
1769725619.946053,99.570
1769725619.975021,99.570
1769725620.003029,99.570
1769725620.031120,99.570
1769725620.060934,99.570
1769725620.088867,99.560
1769725620.118082,99.570
1769725620.147020,99.570
1769725620.175048,99.570
1769725620.203948,99.580
1769725620.229133,99.570
1769725620.257815,99.570
1769725620.286568,99.570
1769725620.314587,99.570
1769725620.343247,99.570
1769725620.371748,99.570
1769725620.400852,99.570
1769725620.430025,99.580
1769725620.457818,99.580
1769725620.486700,99.570
1769725620.511729,99.560
1769725620.539679,99.560
1769725620.568341,99.560
1769725620.597385,99.570
1769725620.626407,99.570
1769725620.654937,99.580
1769725620.682702,99.570
1769725620.711531,99.570
1769725620.740208,99.570
1769725620.768859,99.580
1769725620.793317,99.570
1769725620.822235,99.570
1769725620.850947,99.580
1769725620.880299,99.570
1769725620.909339,99.570
1769725620.937081,99.580
1769725620.966032,99.580
1769725620.993850,99.570
1769725621.022614,99.580
1769725621.051326,99.570
1769725621.075757,99.560
1769725621.104998,99.570
1769725621.133990,99.580
1769725621.162352,99.570
1769725621.190760,99.570
1769725621.220204,99.580
1769725621.248698,99.570
1769725621.276844,99.570
1769725621.305696,99.580
1769725621.333951,99.580
1769725621.358973,99.570
1769725621.387452,99.580
1769725621.416461,99.570
1769725621.445031,99.580
1769725621.473034,99.570
1769725621.502083,99.570
1769725621.531091,99.570
1769725621.559734,99.570
1769725621.588656,99.580
1769725621.616589,99.560
1769725621.641645,99.590
1769725621.669871,99.570
1769725621.698849,99.580
1769725621.727458,99.570
1769725621.755996,99.570
1769725621.785086,99.570
1769725621.813617,99.570
1769725621.842581,99.570
1769725621.871279,99.560
1769725621.899328,99.570
1769725621.924449,99.560
1769725621.953213,99.570
1769725621.982177,99.570
1769725622.010228,99.580
1769725622.039503,99.570
1769725622.067701,99.570
1769725622.096721,99.570
1769725622.124850,99.580
1769725622.153486,99.560
1769725622.181857,99.570
1769725622.210812,99.560
1769725622.234942,99.580
1769725622.264768,99.570
1769725622.293731,99.580
1769725622.321978,99.570
1769725622.350141,99.570
1769725622.380324,99.580
1769725622.407311,99.570
1769725622.436425,99.570
1769725622.464835,99.570
1769725622.493859,99.560
1769725622.517782,99.570
1769725622.547771,99.580
1769725622.576107,99.570
1769725622.604226,99.570
1769725622.633395,99.570
1769725622.662181,99.570
1769725622.690155,99.570
1769725622.719045,99.570
1769725622.748130,99.580
1769725622.776421,99.570
1769725622.800797,99.570
1769725622.830963,99.570
1769725622.858154,99.570
1769725622.886788,99.560
1769725622.916682,99.570
1769725622.944425,99.580
1769725622.973182,99.570
1769725623.001259,99.570
1769725623.030318,99.570
1769725623.058665,99.570
1769725623.083535,99.570
1769725623.111786,99.570
1769725623.141111,99.580
1769725623.169206,99.570
1769725623.198120,99.570
1769725623.227304,99.580
1769725623.256021,99.570
1769725623.284482,99.570
1769725623.313605,99.560
1769725623.341569,99.570
1769725623.366427,99.560
1769725623.395513,99.570
1769725623.424370,99.570
1769725623.452743,99.570
1769725623.480744,99.560
1769725623.509735,99.570
1769725623.538366,99.570
1769725623.567892,99.570
1769725623.595893,99.570
1769725623.624123,99.580
1769725623.650313,99.560
1769725623.677490,99.570
1769725623.706605,99.580
1769725623.735211,99.580
1769725623.763882,99.580
1769725623.791852,99.580
1769725623.820945,99.570
1769725623.849689,99.570
1769725623.878218,99.570
1769725623.906218,99.570
1769725623.931037,99.580
1769725623.959665,99.560
1769725623.989024,99.570
1769725624.017582,99.570
1769725624.047354,99.570
1769725624.075794,99.570
1769725624.103629,99.570
1769725624.132771,99.570
1769725624.160541,99.570
1769725624.189566,99.570
1769725624.214572,99.570
1769725624.243353,99.570
1769725624.271326,99.580
1769725624.302284,99.560
1769725624.329699,99.570
1769725624.357132,99.570
1769725624.386488,99.570
1769725624.415327,99.580
1769725624.443916,99.570
1769725624.472454,99.570
1769725624.496758,99.570
1769725624.525717,99.580
1769725624.554592,99.570
1769725624.583576,99.570
1769725624.612222,99.580
1769725624.641306,99.570
1769725624.669063,99.570
1769725624.697980,99.570
1769725624.725968,99.570
1769725624.754583,99.570
1769725624.792560,99.580
1769725624.840644,99.580
1769725624.846772,99.570
1769725624.865258,99.570
1769725624.893450,99.560
1769725624.923057,99.570
1769725624.951431,99.570
1769725624.979794,99.570
1769725625.008434,99.560
1769725625.037362,99.570
1769725625.062079,99.570
1769725625.091049,99.570
1769725625.119000,99.570
1769725625.148136,99.570
1769725625.176255,99.570
1769725625.205248,99.570
1769725625.234442,99.560
1769725625.263134,99.560
1769725625.291210,99.550
1769725625.319572,99.560
1769725625.344360,99.560
1769725625.373510,99.560
1769725625.401471,99.560
1769725625.430737,99.570
1769725625.459323,99.580
1769725625.488296,99.580
1769725625.516344,99.570
1769725625.545877,99.570
1769725625.574566,99.570
1769725625.602696,99.570
1769725625.630910,99.570
1769725625.657042,99.570
1769725625.685655,99.570
1769725625.714954,99.570
1769725625.743097,99.570
1769725625.770814,99.570
1769725625.799704,99.570
1769725625.828750,99.570
1769725625.856579,99.580
1769725625.885701,99.570
1769725625.913667,99.570
1769725625.939106,99.570
1769725625.967789,99.570
1769725625.996826,99.560
1769725626.025953,99.570
1769725626.053798,99.560
1769725626.082759,99.560
1769725626.111166,99.580
1769725626.139175,99.560
1769725626.168260,99.570
1769725626.196732,99.570
1769725626.221390,99.570
1769725626.249888,99.560
1769725626.279263,99.570
1769725626.307495,99.580
1769725626.336782,99.570
1769725626.365159,99.560
1769725626.393353,99.570
1769725626.422222,99.560
1769725626.450259,99.560
1769725626.479282,99.570
1769725626.504247,99.580
1769725626.532817,99.570
1769725626.561622,99.570
1769725626.590918,99.570
1769725626.618670,99.560
1769725626.648513,99.560
1769725626.676484,99.560
1769725626.704243,99.560
1769725626.733302,99.560
1769725626.761295,99.560
1769725626.787082,99.570
1769725626.815281,99.570
1769725626.844027,99.580
1769725626.872945,99.560
1769725626.901672,99.570
1769725626.930030,99.570
1769725626.958549,99.580
1769725626.986884,99.570
1769725627.015313,99.560
1769725627.044313,99.570
1769725627.068861,99.570
1769725627.098108,99.580
1769725627.127252,99.570
1769725627.155641,99.570
1769725627.184638,99.580
1769725627.212667,99.570
1769725627.241728,99.580
1769725627.270476,99.580
1769725627.298610,99.580
1769725627.327609,99.570
1769725627.352582,99.570
1769725627.380605,99.580
1769725627.409750,99.570
1769725627.438060,99.570
1769725627.466844,99.570
1769725627.494816,99.570
1769725627.523845,99.580
1769725627.552759,99.570
1769725627.581786,99.570
1769725627.610052,99.570
1769725627.635321,99.560
1769725627.663993,99.570
1769725627.692362,99.580
1769725627.720702,99.570
1769725627.749420,99.570
1769725627.778598,99.580
1769725627.806797,99.580
1769725627.835200,99.580
1769725627.864417,99.570
1769725627.892483,99.570
1769725627.917234,99.570
1769725627.945707,99.570
1769725627.975279,99.570
1769725628.003393,99.570
1769725628.033404,99.570
1769725628.060966,99.580
1769725628.090154,99.570
1769725628.118129,99.570
1769725628.148164,99.570
1769725628.174908,99.570
1769725628.200019,99.580
1769725628.229079,99.570
1769725628.257591,99.570
1769725628.285720,99.560
1769725628.315610,99.570
1769725628.344021,99.570
1769725628.372770,99.570
1769725628.400171,99.560
1769725628.428416,99.570
1769725628.457631,99.570
1769725628.482596,99.570
1769725628.511609,99.570
1769725628.540675,99.570
1769725628.569220,99.570
1769725628.598430,99.570
1769725628.625945,99.560
1769725628.655016,99.560
1769725628.682595,99.580
1769725628.712328,99.580
1769725628.740446,99.570
1769725628.765269,99.570
1769725628.794284,99.570
1769725628.822544,99.580
1769725628.851660,99.570
1769725628.881101,99.560
1769725628.908724,99.570
1769725628.937891,99.570
1769725628.965703,99.560
1769725628.994715,99.570
1769725629.023261,99.570
1769725629.048495,99.570
1769725629.076238,99.550
1769725629.105294,99.560
1769725629.134242,99.560
1769725629.162775,99.570
1769725629.191777,99.560
1769725629.219673,99.560
1769725629.248910,99.570
1769725629.277586,99.560
1769725629.305673,99.570
1769725629.331701,99.560
1769725629.359488,99.570
1769725629.389338,99.560
1769725629.417329,99.570
1769725629.446360,99.570
1769725629.473953,99.560
1769725629.502573,99.570
1769725629.531396,99.570
1769725629.560369,99.560
1769725629.588584,99.570
1769725629.613917,99.570
1769725629.642210,99.560
1769725629.670833,99.560
1769725629.700167,99.570
1769725629.728856,99.570
1769725629.757381,99.560
1769725629.785349,99.580
1769725629.813345,99.570
1769725629.865896,99.560
1769725629.870893,99.570
1769725629.896069,99.570
1769725629.924701,99.580
1769725629.952749,99.570
1769725629.981763,99.570
1769725630.010924,99.560
1769725630.040054,99.570
1769725630.068830,99.560
1769725630.096738,99.570
1769725630.125912,99.560
1769725630.154261,99.570
1769725630.181859,99.570
1769725630.207382,99.570
1769725630.235429,99.570
1769725630.265310,99.580
1769725630.293361,99.560
1769725630.322043,99.560
1769725630.351157,99.580
1769725630.379792,99.570
1769725630.408328,99.570
1769725630.436588,99.560
1769725630.465044,99.560
1769725630.490081,99.570
1769725630.518263,99.570
1769725630.547560,99.560
1769725630.576064,99.570
1769725630.604401,99.560
1769725630.633298,99.580
1769725630.660790,99.570
1769725630.690614,99.560
1769725630.718964,99.570
1769725630.747488,99.570
1769725630.772184,99.570
1769725630.801545,99.560
1769725630.829590,99.570
1769725630.858492,99.570
1769725630.887470,99.570
1769725630.916457,99.570
1769725630.944618,99.570
1769725630.973077,99.560
1769725631.001687,99.560
1769725631.030757,99.560
1769725631.054727,99.570
1769725631.084164,99.560
1769725631.113183,99.570
1769725631.141249,99.570
1769725631.169982,99.570
1769725631.198787,99.560
1769725631.227807,99.570
1769725631.255501,99.570
1769725631.284636,99.570
1769725631.313679,99.580
1769725631.337628,99.570
1769725631.367054,99.570
1769725631.395399,99.560
1769725631.424440,99.560
1769725631.452365,99.570
1769725631.482221,99.570
1769725631.509515,99.560
1769725631.538510,99.560
1769725631.567348,99.570
1769725631.596230,99.570
1769725631.620866,99.560
1769725631.650124,99.570
1769725631.678536,99.580
1769725631.706594,99.560
1769725631.735048,99.560
1769725631.765356,99.550
1769725631.793353,99.570
1769725631.821404,99.570
1769725631.849593,99.570
1769725631.878154,99.580
1769725631.903368,99.570
1769725631.931908,99.570
1769725631.961104,99.560
1769725631.989220,99.560
1769725632.019105,99.570
1769725632.047279,99.560
1769725632.075278,99.560
1769725632.103696,99.570
1769725632.132723,99.560
1769725632.161607,99.570
1769725632.185908,99.580
1769725632.215932,99.570
1769725632.243922,99.570
1769725632.271807,99.560
1769725632.300683,99.570
1769725632.329728,99.560
1769725632.357795,99.570
1769725632.386106,99.560
1769725632.415225,99.560
1769725632.444419,99.570
1769725632.468389,99.570
1769725632.497677,99.570
1769725632.526331,99.560
1769725632.554963,99.570
1769725632.583557,99.570
1769725632.611773,99.580
1769725632.640636,99.570
1769725632.669260,99.570
1769725632.698266,99.560
1769725632.726295,99.560
1769725632.750696,99.560
1769725632.780232,99.560
1769725632.808583,99.560
1769725632.837578,99.570
1769725632.866144,99.560
1769725632.894734,99.560
1769725632.922992,99.570
1769725632.951755,99.560
1769725632.980400,99.570
1769725633.009255,99.570
1769725633.034028,99.570
1769725633.062961,99.560
1769725633.090634,99.560
1769725633.120168,99.570
1769725633.148327,99.570
1769725633.177037,99.570
1769725633.206022,99.570
1769725633.235025,99.560
1769725633.263804,99.570
1769725633.291715,99.560
1769725633.320668,99.570
1769725633.344805,99.570
1769725633.374713,99.560
1769725633.403705,99.570
1769725633.431672,99.560
1769725633.459937,99.560
1769725633.488703,99.570
1769725633.516718,99.560
1769725633.545710,99.570
1769725633.574674,99.560
1769725633.603676,99.550
1769725633.627681,99.560
1769725633.656721,99.570
1769725633.685308,99.560
1769725633.713858,99.560
1769725633.743464,99.550
1769725633.771180,99.560
1769725633.800191,99.570
1769725633.828726,99.560
1769725633.856920,99.580
1769725633.885709,99.560
1769725633.911642,99.560
1769725633.939581,99.560
1769725633.967255,99.570
1769725633.997548,99.570
1769725634.025553,99.560
1769725634.053743,99.560
1769725634.082479,99.570
1769725634.110771,99.570
1769725634.139777,99.570
1769725634.167954,99.560
1769725634.193026,99.570
1769725634.221956,99.570
1769725634.251183,99.570
1769725634.279959,99.560
1769725634.307956,99.570
1769725634.336671,99.580
1769725634.366102,99.570
1769725634.394484,99.570
1769725634.422566,99.570
1769725634.450567,99.570
1769725634.476238,99.560
1769725634.504239,99.560
1769725634.533863,99.560
1769725634.562533,99.570
1769725634.590992,99.570
1769725634.619035,99.570
1769725634.649143,99.570
1769725634.676364,99.560
1769725634.704986,99.570
1769725634.733894,99.570
1769725634.758928,99.560
1769725634.786591,99.570
1769725634.823916,99.560
1769725634.843931,99.570
1769725634.873537,99.570
1769725634.901376,99.570
1769725634.930529,99.560
1769725634.959666,99.560
1769725634.987403,99.570
1769725635.015900,99.560
1769725635.041740,99.570
1769725635.070476,99.560
1769725635.099512,99.560
1769725635.126790,99.570
1769725635.155135,99.570
1769725635.184265,99.560
1769725635.212935,99.560
1769725635.242075,99.560
1769725635.270756,99.560
1769725635.298909,99.560
1769725635.327862,99.560
1769725635.351862,99.560
1769725635.381575,99.570
1769725635.410577,99.550
1769725635.438576,99.560
1769725635.467215,99.560
1769725635.495826,99.570
1769725635.524361,99.560
1769725635.553282,99.570
1769725635.581348,99.570
1769725635.609604,99.560
1769725635.635069,99.570
1769725635.663487,99.560
1769725635.692893,99.570
1769725635.721399,99.560
1769725635.750430,99.570
1769725635.778422,99.560
1769725635.806942,99.560
1769725635.835816,99.560
1769725635.864086,99.580
1769725635.892881,99.570
1769725635.917874,99.550
1769725635.946892,99.570
1769725635.975789,99.560
1769725636.003766,99.560
1769725636.032795,99.570
1769725636.061923,99.560
1769725636.089690,99.560
1769725636.118683,99.570
1769725636.146693,99.560
1769725636.175501,99.550
1769725636.200544,99.560
1769725636.229525,99.560
1769725636.257699,99.550
1769725636.286433,99.560
1769725636.316338,99.570
1769725636.344316,99.560
1769725636.372929,99.570
1769725636.401529,99.560
1769725636.429658,99.560
1769725636.458613,99.560
1769725636.483901,99.570
1769725636.511853,99.570
1769725636.539998,99.560
1769725636.568508,99.560
1769725636.598395,99.560
1769725636.626303,99.560
1769725636.655608,99.570
1769725636.684177,99.560
1769725636.712370,99.560
1769725636.741117,99.570
1769725636.766246,99.560
1769725636.794701,99.570
1769725636.822741,99.560
1769725636.851930,99.560
1769725636.880538,99.570
1769725636.909894,99.560
1769725636.937907,99.560
1769725636.966957,99.560
1769725636.995504,99.570
1769725637.023611,99.560
1769725637.052507,99.560
1769725637.077754,99.560
1769725637.105462,99.560
1769725637.135352,99.550
1769725637.162859,99.550
1769725637.191468,99.550
1769725637.220364,99.550
1769725637.249820,99.560
1769725637.277794,99.570
1769725637.305846,99.560
1769725637.334848,99.560
1769725637.359533,99.550
1769725637.387258,99.560
1769725637.417552,99.570
1769725637.445864,99.580
1769725637.474771,99.560
1769725637.503026,99.560
1769725637.531801,99.560
1769725637.560777,99.560
1769725637.589420,99.560
1769725637.617193,99.560
1769725637.643203,99.570
1769725637.671333,99.550
1769725637.700374,99.570
1769725637.728567,99.560
1769725637.757555,99.560
1769725637.785336,99.570
1769725637.814326,99.560
1769725637.843331,99.570
1769725637.872025,99.560
1769725637.900383,99.570
1769725637.924946,99.570
1769725637.952888,99.570
1769725637.983424,99.560
1769725638.011465,99.560
1769725638.040413,99.560
1769725638.069957,99.570
1769725638.097148,99.570
1769725638.125481,99.570
1769725638.154703,99.570
1769725638.183319,99.560
1769725638.207529,99.570
1769725638.236451,99.560
1769725638.265576,99.560
1769725638.293354,99.560
1769725638.322609,99.570
1769725638.351604,99.570
1769725638.379915,99.570
1769725638.408512,99.570
1769725638.436056,99.560
1769725638.465808,99.570
1769725638.489911,99.570
1769725638.518712,99.560
1769725638.548229,99.570
1769725638.576226,99.570
1769725638.604733,99.560
1769725638.633727,99.550
1769725638.662205,99.550
1769725638.690402,99.560
1769725638.719795,99.570
1769725638.748542,99.570
1769725638.772504,99.560
1769725638.801000,99.560
1769725638.829890,99.570
1769725638.859469,99.560
1769725638.888070,99.560
1769725638.916817,99.570
1769725638.944522,99.570
1769725638.973554,99.570
1769725639.001834,99.560
1769725639.030744,99.570
1769725639.055470,99.570
1769725639.083987,99.570
1769725639.112979,99.570
1769725639.141413,99.570
1769725639.169788,99.560
1769725639.199037,99.570
1769725639.227489,99.560
1769725639.255996,99.570
1769725639.284433,99.560
1769725639.313853,99.570
1769725639.341494,99.570
1769725639.366819,99.560
1769725639.395447,99.560
1769725639.423794,99.570
1769725639.452477,99.560
1769725639.480577,99.570
1769725639.510450,99.570
1769725639.538587,99.570
1769725639.567674,99.560
1769725639.595491,99.560
1769725639.624557,99.550
1769725639.649010,99.560
1769725639.677498,99.560
1769725639.706361,99.560
1769725639.735814,99.560
1769725639.764593,99.560
1769725639.792252,99.550
1769725639.821442,99.560
1769725639.849705,99.550
1769725639.878635,99.570
1769725639.907594,99.570
1769725639.932674,99.550
1769725639.960741,99.570
1769725639.989477,99.560
1769725640.018483,99.560
1769725640.047514,99.550
1769725640.076042,99.560
1769725640.104241,99.560
1769725640.133276,99.560
1769725640.161379,99.550
1769725640.190030,99.560
1769725640.215011,99.570
1769725640.244031,99.560
1769725640.272158,99.560
1769725640.300977,99.560
1769725640.329969,99.560
1769725640.357977,99.560
1769725640.386950,99.560
1769725640.416504,99.560
1769725640.444544,99.560
1769725640.472533,99.560
1769725640.497276,99.560
1769725640.526316,99.560
1769725640.554412,99.560
1769725640.583124,99.550
1769725640.611870,99.560
1769725640.640740,99.570
1769725640.669989,99.560
1769725640.698730,99.550
1769725640.726773,99.560
1769725640.755010,99.560
1769725640.779871,99.550
1769725640.808879,99.560
1769725640.836859,99.570
1769725640.865982,99.560
1769725640.894723,99.560
1769725640.923715,99.560
1769725640.951676,99.560
1769725640.981251,99.570
1769725641.009896,99.570
1769725641.038622,99.550
1769725641.062251,99.570
1769725641.091834,99.550
1769725641.120934,99.560
1769725641.149024,99.550
1769725641.177219,99.570
1769725641.206349,99.570
1769725641.235337,99.560
1769725641.263458,99.560
1769725641.292618,99.570
1769725641.320607,99.560
1769725641.349605,99.560
1769725641.374724,99.560
1769725641.403483,99.570
1769725641.432464,99.560
1769725641.460468,99.570
1769725641.489311,99.570
1769725641.517318,99.570
1769725641.546312,99.560
1769725641.574451,99.570
1769725641.603082,99.560
1769725641.632153,99.560
1769725641.657190,99.570
1769725641.685603,99.560
1769725641.714651,99.570
1769725641.742748,99.560
1769725641.771845,99.560
1769725641.799670,99.560
1769725641.829244,99.560
1769725641.857252,99.550
1769725641.885984,99.560
1769725641.914916,99.560
1769725641.939481,99.560
1769725641.967991,99.560
1769725641.996774,99.550
1769725642.025937,99.560
1769725642.053988,99.560
1769725642.083575,99.570
1769725642.111567,99.560
1769725642.140186,99.550
1769725642.168775,99.560
1769725642.198083,99.570
1769725642.222041,99.560
1769725642.251050,99.560
1769725642.280246,99.560
1769725642.308861,99.560
1769725642.337809,99.560
1769725642.366140,99.560
1769725642.394540,99.560
1769725642.422571,99.570
1769725642.450977,99.560
1769725642.480088,99.550
1769725642.504613,99.560
1769725642.534460,99.570
1769725642.563076,99.550
1769725642.590819,99.560
1769725642.620368,99.560
1769725642.648806,99.560
1769725642.676956,99.560
1769725642.706127,99.560
1769725642.734442,99.560
1769725642.762911,99.550
1769725642.787547,99.560
1769725642.815982,99.560
1769725642.844351,99.550
1769725642.873516,99.560
1769725642.902255,99.550
1769725642.931436,99.560
1769725642.959928,99.560
1769725642.988494,99.570
1769725643.017463,99.570
1769725643.045328,99.570
1769725643.074417,99.560
1769725643.099261,99.560
1769725643.128273,99.570
1769725643.156220,99.570
1769725643.184953,99.560
1769725643.214006,99.560
1769725643.242084,99.560
1769725643.271116,99.570
1769725643.299983,99.560
1769725643.328179,99.560
1769725643.357071,99.560
1769725643.382182,99.550
1769725643.410051,99.560
1769725643.439088,99.560
1769725643.467455,99.560
1769725643.496159,99.560
1769725643.525154,99.560
1769725643.553156,99.550
1769725643.582311,99.560
1769725643.610951,99.560
1769725643.638976,99.560
1769725643.664011,99.570
1769725643.692803,99.560
1769725643.721792,99.550
1769725643.751860,99.560
1769725643.778968,99.550
1769725643.808336,99.560
1769725643.835272,99.570
1769725643.864839,99.560
1769725643.893444,99.560
1769725643.922319,99.560
1769725643.946474,99.570
1769725643.975214,99.570
1769725644.004061,99.550
1769725644.034085,99.560
1769725644.062064,99.550
1769725644.089635,99.560
1769725644.119054,99.550
1769725644.147174,99.570
1769725644.175441,99.550
1769725644.204768,99.550
1769725644.229832,99.560
1769725644.257825,99.560
1769725644.287270,99.540
1769725644.315933,99.560
1769725644.344947,99.560
1769725644.373369,99.560
1769725644.402112,99.560
1769725644.430197,99.550
1769725644.459101,99.560
1769725644.486953,99.550
1769725644.512118,99.560
1769725644.541111,99.550
1769725644.569737,99.560
1769725644.598275,99.560
1769725644.627750,99.550
1769725644.655923,99.550
1769725644.699400,99.560
1769725644.712915,99.560
1769725644.740938,99.560
1769725644.769862,99.570
1769725644.798531,99.560
1769725644.823672,99.560
1769725644.851721,99.560
1769725644.880748,99.560
1769725644.909915,99.550
1769725644.937864,99.560
1769725644.967873,99.560
1769725644.995577,99.560
1769725645.023718,99.560
1769725645.052669,99.560
1769725645.081533,99.560
1769725645.105973,99.560
1769725645.135425,99.560
1769725645.163067,99.570
1769725645.191779,99.560
1769725645.221121,99.560
1769725645.248950,99.570
1769725645.277874,99.560
1769725645.306272,99.560
1769725645.335282,99.560
1769725645.364586,99.570
1769725645.388910,99.560
1769725645.417928,99.560
1769725645.446021,99.570
1769725645.474957,99.570
1769725645.503053,99.560
1769725645.531964,99.560
1769725645.560955,99.560
1769725645.589503,99.560
1769725645.618567,99.560
1769725645.646661,99.560
1769725645.671630,99.570
1769725645.701243,99.560
1769725645.729287,99.550
1769725645.757346,99.560
1769725645.786185,99.560
1769725645.815365,99.560
1769725645.844213,99.550
1769725645.872240,99.550
1769725645.900987,99.560
1769725645.929134,99.560
1769725645.954002,99.560
1769725645.983256,99.560
1769725646.011862,99.560
1769725646.039741,99.550
1769725646.069419,99.550
1769725646.098081,99.560
1769725646.126106,99.560
1769725646.154374,99.550
1769725646.184001,99.560
1769725646.211692,99.550
1769725646.235971,99.550
1769725646.265144,99.560
1769725646.294316,99.550
1769725646.322588,99.560
1769725646.350953,99.550
1769725646.379916,99.560
1769725646.408972,99.560
1769725646.436921,99.570
1769725646.466163,99.560
1769725646.494407,99.560
1769725646.523316,99.560
1769725646.548672,99.560
1769725646.576656,99.560
1769725646.605272,99.560
1769725646.634309,99.560
1769725646.663309,99.560
1769725646.691080,99.560
1769725646.720107,99.560
1769725646.749153,99.560
1769725646.777239,99.550
1769725646.805933,99.560
1769725646.831451,99.560
1769725646.859305,99.560
1769725646.887493,99.560
1769725646.917058,99.560
1769725646.945058,99.560
1769725646.974085,99.550
1769725647.002849,99.570
1769725647.031886,99.550
1769725647.059866,99.550
1769725647.088590,99.560
1769725647.112773,99.550
1769725647.141721,99.560
1769725647.170721,99.570
1769725647.200434,99.560
1769725647.228367,99.560
1769725647.257409,99.560
1769725647.285551,99.560
1769725647.314181,99.560
1769725647.342772,99.560
1769725647.371051,99.560
1769725647.396302,99.560
1769725647.424848,99.550
1769725647.453813,99.550
1769725647.482975,99.560
1769725647.511445,99.560
1769725647.538948,99.560
1769725647.567945,99.560
1769725647.596110,99.560
1769725647.624952,99.560
1769725647.653806,99.560
1769725647.678918,99.560
1769725647.707667,99.560
1769725647.736132,99.570
1769725647.764816,99.570
1769725647.792722,99.560
1769725647.822296,99.560
1769725647.849824,99.560
1769725647.879349,99.560
1769725647.907745,99.560
1769725647.936550,99.560
1769725647.965121,99.560
1769725647.989981,99.550
1769725648.018222,99.550
1769725648.047539,99.550
1769725648.075604,99.560
1769725648.105306,99.550
1769725648.133913,99.540
1769725648.162089,99.550
1769725648.190627,99.540
1769725648.219824,99.560
1769725648.247950,99.540
1769725648.272859,99.550
1769725648.302827,99.550
1769725648.329921,99.560
1769725648.358821,99.560
1769725648.387979,99.560
1769725648.416226,99.560
1769725648.444314,99.560
1769725648.473337,99.560
1769725648.501322,99.560
1769725648.530460,99.560
1769725648.555051,99.560
1769725648.583817,99.560
1769725648.612062,99.570
1769725648.641627,99.560
1769725648.669811,99.550
1769725648.698646,99.550
1769725648.727482,99.560
1769725648.755996,99.550
1769725648.785205,99.560
1769725648.812699,99.550
1769725648.837711,99.560
1769725648.866586,99.550
1769725648.895531,99.560
1769725648.924208,99.560
1769725648.953184,99.550
1769725648.981333,99.550
1769725649.010125,99.560
1769725649.038999,99.570
1769725649.068152,99.560
1769725649.096037,99.550
1769725649.120942,99.550
1769725649.148633,99.570
1769725649.178174,99.550
1769725649.206766,99.560
1769725649.235907,99.550
1769725649.264929,99.560
1769725649.293296,99.560
1769725649.321260,99.550
1769725649.351392,99.560
1769725649.378649,99.550
1769725649.406927,99.560
1769725649.432195,99.560
1769725649.460359,99.560
1769725649.489364,99.550
1769725649.519024,99.550
1769725649.546995,99.550
1769725649.575533,99.560
1769725649.603974,99.560
1769725649.631948,99.560
1769725649.661477,99.550
1769725649.689577,99.550
1769725649.713845,99.550
1769725649.748839,99.560
1769725649.771331,99.550
1769725649.800504,99.550
1769725649.829545,99.560
1769725649.857474,99.560
1769725649.886629,99.570
1769725649.915448,99.560
1769725649.943449,99.570
1769725649.972399,99.550
1769725649.997261,99.560
1769725650.026204,99.560
1769725650.054243,99.550
1769725650.083373,99.550
1769725650.112870,99.560
1769725650.141183,99.550
1769725650.169162,99.560
1769725650.197750,99.560
1769725650.226691,99.550
1769725650.254660,99.550
1769725650.280843,99.550
1769725650.308297,99.560
1769725650.337192,99.560
1769725650.366187,99.560
1769725650.394554,99.570
1769725650.423573,99.560
1769725650.452780,99.560
1769725650.480896,99.560
1769725650.509335,99.560
1769725650.538214,99.560
1769725650.563256,99.570
1769725650.591432,99.560
1769725650.620119,99.560
1769725650.649500,99.560
1769725650.677492,99.560
1769725650.706294,99.560
1769725650.734234,99.560
1769725650.763754,99.560
1769725650.791958,99.560
1769725650.820679,99.570
1769725650.848632,99.550
1769725650.873187,99.550
1769725650.902844,99.550
1769725650.931456,99.560
1769725650.959532,99.560
1769725650.988522,99.560
1769725651.017733,99.560
1769725651.046117,99.570
1769725651.075119,99.560
1769725651.103036,99.540
1769725651.131986,99.550
1769725651.156725,99.550
1769725651.185349,99.550
1769725651.214045,99.550
1769725651.242430,99.550
1769725651.271505,99.560
1769725651.300406,99.560
1769725651.328796,99.550
1769725651.356799,99.570
1769725651.385390,99.560
1769725651.414272,99.550
1769725651.439552,99.550
1769725651.468981,99.550
1769725651.496058,99.560
1769725651.524573,99.560
1769725651.553611,99.570
1769725651.582708,99.560
1769725651.611243,99.550
1769725651.639644,99.550
1769725651.668647,99.560
1769725651.696987,99.550
1769725651.722386,99.560
1769725651.751194,99.560
1769725651.780210,99.560
1769725651.808220,99.550
1769725651.837185,99.550
1769725651.865178,99.560
1769725651.893350,99.560
1769725651.923091,99.550
1769725651.952104,99.550
1769725651.979621,99.550
1769725652.004508,99.550
1769725652.033563,99.550
1769725652.061388,99.550
1769725652.090527,99.550
1769725652.120421,99.560
1769725652.148458,99.550
1769725652.176645,99.560
1769725652.205454,99.550
1769725652.234447,99.560
1769725652.262130,99.560
1769725652.291227,99.570
1769725652.315850,99.560
1769725652.344858,99.550
1769725652.372892,99.560
1769725652.402365,99.560
1769725652.431381,99.550
1769725652.459349,99.550
1769725652.487873,99.550
1769725652.516653,99.560
1769725652.545659,99.560
1769725652.573819,99.550
1769725652.599205,99.560
1769725652.626915,99.540
1769725652.655805,99.550
1769725652.685006,99.560
1769725652.713091,99.560
1769725652.741993,99.550
1769725652.770105,99.560
1769725652.798981,99.550
1769725652.827981,99.560
1769725652.856302,99.560
1769725652.880812,99.550
1769725652.909471,99.550
1769725652.938583,99.550
1769725652.967286,99.550
1769725652.995956,99.560
1769725653.024523,99.570
1769725653.052866,99.550
1769725653.081609,99.560
1769725653.110125,99.560
1769725653.138937,99.560
1769725653.163202,99.560
1769725653.192264,99.550
1769725653.221146,99.570
1769725653.249973,99.550
1769725653.278963,99.560
1769725653.306772,99.560
1769725653.335768,99.550
1769725653.363791,99.550
1769725653.392950,99.550
1769725653.421645,99.560
1769725653.445969,99.550
1769725653.475081,99.550
1769725653.503991,99.560
1769725653.533022,99.540
1769725653.561472,99.550
1769725653.589599,99.550
1769725653.619403,99.540
1769725653.647415,99.540
1769725653.675371,99.550
1769725653.705389,99.540
1769725653.733383,99.540
1769725653.757352,99.540
1769725653.786392,99.550
1769725653.815413,99.550
1769725653.844108,99.550
1769725653.872097,99.550
1769725653.901265,99.560
1769725653.929551,99.560
1769725653.958790,99.550
1769725653.986785,99.550
1769725654.015607,99.550
1769725654.040716,99.550
1769725654.069726,99.540
1769725654.097859,99.560
1769725654.126686,99.550
1769725654.154632,99.550
1769725654.183676,99.560
1769725654.212610,99.560
1769725654.240610,99.560
1769725654.269653,99.550
1769725654.298798,99.550
1769725654.323644,99.550
1769725654.352639,99.560
1769725654.380635,99.540
1769725654.408736,99.560
1769725654.439161,99.540
1769725654.467503,99.550
1769725654.495218,99.560
1769725654.523682,99.560
1769725654.552597,99.560
1769725654.580832,99.560
1769725654.606641,99.550
1769725654.634630,99.550
1769725654.663432,99.550
1769725654.691524,99.550
1769725654.720946,99.560
1769725654.748944,99.550
1769725654.780945,99.550
1769725654.806128,99.550
1769725654.835257,99.550
1769725654.864182,99.550
1769725654.892315,99.550
1769725654.916896,99.550
1769725654.945753,99.550
1769725654.974172,99.560
1769725655.003150,99.560
1769725655.031764,99.550
1769725655.060802,99.550
1769725655.089606,99.550
1769725655.118214,99.560
1769725655.146194,99.550
1769725655.174693,99.550
1769725655.199512,99.550
1769725655.229171,99.550
1769725655.257146,99.550
1769725655.286295,99.550
1769725655.314933,99.550
1769725655.342925,99.550
1769725655.371028,99.550
1769725655.400532,99.550
1769725655.428723,99.560
1769725655.457338,99.550
1769725655.482292,99.550
1769725655.510996,99.550
1769725655.539989,99.550
1769725655.568558,99.540
1769725655.597640,99.550
1769725655.625356,99.550
1769725655.654386,99.550
1769725655.683418,99.550
1769725655.712029,99.560
1769725655.740008,99.550
1769725655.765051,99.550
1769725655.794343,99.550
1769725655.822959,99.550
1769725655.851973,99.560
1769725655.879938,99.550
1769725655.908387,99.550
1769725655.937664,99.550
1769725655.966111,99.550
1769725655.994576,99.550
1769725656.022803,99.550
1769725656.051868,99.560
1769725656.076854,99.550
1769725656.105091,99.540
1769725656.133804,99.550
1769725656.163000,99.540
1769725656.190578,99.560
1769725656.220171,99.550
1769725656.248443,99.550
1769725656.276762,99.550
1769725656.305884,99.550
1769725656.334597,99.560
1769725656.359520,99.550
1769725656.388229,99.550
1769725656.415793,99.550
1769725656.444900,99.550
1769725656.473378,99.560
1769725656.502538,99.550
1769725656.531316,99.550
1769725656.559412,99.550
1769725656.588328,99.550
1769725656.617175,99.550
1769725656.641336,99.560
1769725656.670641,99.550
1769725656.699782,99.550
1769725656.727565,99.550
1769725656.756478,99.550
1769725656.786500,99.550
1769725656.813371,99.550
1769725656.842534,99.560
1769725656.870354,99.550
1769725656.899020,99.550
1769725656.923758,99.540
1769725656.953089,99.560
1769725656.981582,99.550
1769725657.009739,99.550
1769725657.038384,99.560
1769725657.068048,99.550
1769725657.095785,99.550
1769725657.125359,99.550
1769725657.153287,99.550
1769725657.181730,99.550
1769725657.211149,99.550
1769725657.236085,99.540
1769725657.264594,99.540
1769725657.293355,99.540
1769725657.322186,99.550
1769725657.350286,99.550
1769725657.379258,99.550
1769725657.407639,99.540
1769725657.436380,99.550
1769725657.465055,99.550
1769725657.493920,99.540
1769725657.518748,99.540
1769725657.547664,99.550
1769725657.575617,99.540
1769725657.604185,99.550
1769725657.632779,99.550
1769725657.661470,99.560
1769725657.689945,99.550
1769725657.719148,99.550
1769725657.747293,99.540
1769725657.775938,99.550
1769725657.801243,99.550
1769725657.829982,99.560
1769725657.857946,99.550
1769725657.887291,99.560
1769725657.916206,99.550
1769725657.944225,99.540
1769725657.973242,99.550
1769725658.002276,99.560
1769725658.030591,99.550
1769725658.058652,99.560
1769725658.087619,99.550
1769725658.111873,99.550
1769725658.140982,99.550
1769725658.170045,99.540
1769725658.198511,99.560
1769725658.226702,99.560
1769725658.255949,99.560
1769725658.284894,99.550
1769725658.312867,99.550
1769725658.340994,99.550
1769725658.370436,99.550
1769725658.395073,99.550
1769725658.423775,99.550
1769725658.452398,99.550
1769725658.480862,99.540
1769725658.509869,99.550
1769725658.537539,99.560
1769725658.567154,99.540
1769725658.595139,99.550
1769725658.623892,99.540
1769725658.652763,99.550
1769725658.677756,99.550
1769725658.706085,99.550
1769725658.735585,99.550
1769725658.764593,99.550
1769725658.792880,99.550
1769725658.822686,99.560
1769725658.849954,99.540
1769725658.878343,99.560
1769725658.907299,99.560
1769725658.936289,99.550
1769725658.960305,99.550
1769725658.988534,99.550
1769725659.017979,99.550
1769725659.046982,99.550
1769725659.075202,99.550
1769725659.104311,99.550
1769725659.132941,99.550
1769725659.160993,99.550
1769725659.189647,99.560
1769725659.218362,99.550
1769725659.243383,99.550
1769725659.271332,99.550
1769725659.300493,99.560
1769725659.328910,99.560
1769725659.357255,99.550
1769725659.386322,99.550
1769725659.415295,99.550
1769725659.443290,99.550
1769725659.472520,99.550
1769725659.500245,99.550
1769725659.529657,99.550
1769725659.554692,99.550
1769725659.582672,99.550
1769725659.611191,99.560
1769725659.639716,99.560
1769725659.669672,99.550
1769725659.698222,99.550
1769725659.726045,99.550
1769725659.754915,99.560
1769725659.783920,99.560
1769725659.811909,99.550
1769725659.837320,99.550
1769725659.865330,99.550
1769725659.894340,99.560
1769725659.922425,99.550
1769725659.957173,99.550
1769725659.980342,99.550
1769725660.008259,99.540
1769725660.037136,99.550
1769725660.066182,99.540
1769725660.095078,99.550
1769725660.120992,99.550
1769725660.148453,99.550
1769725660.177158,99.550
1769725660.205658,99.550
1769725660.233926,99.560
1769725660.263003,99.550
1769725660.291971,99.550
1769725660.320703,99.540
1769725660.348724,99.550
1769725660.377713,99.550
1769725660.402946,99.550
1769725660.431015,99.550
1769725660.459472,99.550
1769725660.488503,99.540
1769725660.516340,99.550
1769725660.545573,99.550
1769725660.573663,99.550
1769725660.602976,99.550
1769725660.631147,99.550
1769725660.660048,99.550
1769725660.688124,99.560
1769725660.713308,99.550
1769725660.742213,99.550
1769725660.769964,99.550
1769725660.799864,99.560
1769725660.828436,99.550
1769725660.857193,99.560
1769725660.885430,99.540
1769725660.914286,99.550
1769725660.942799,99.560
1769725660.970694,99.550
1769725660.995911,99.560
1769725661.024357,99.550
1769725661.053142,99.560
1769725661.082114,99.550
1769725661.111281,99.550
1769725661.140105,99.560
1769725661.168317,99.550
1769725661.197066,99.550
1769725661.224915,99.550
1769725661.253921,99.550
1769725661.278960,99.550
1769725661.307482,99.550
1769725661.337338,99.550
1769725661.365239,99.560
1769725661.394194,99.530
1769725661.422416,99.540
1769725661.450845,99.540
1769725661.479751,99.540
1769725661.508238,99.540
1769725661.536730,99.540
1769725661.561232,99.540
1769725661.589865,99.540
1769725661.618302,99.540
1769725661.647260,99.530
1769725661.676248,99.550
1769725661.704822,99.540
1769725661.733279,99.550
1769725661.761809,99.540
1769725661.790808,99.540
1769725661.819886,99.540
1769725661.847867,99.550
1769725661.872812,99.540
1769725661.901811,99.540
1769725661.929653,99.540
1769725661.958654,99.550
1769725661.987704,99.540
1769725662.015885,99.550
1769725662.044710,99.540
1769725662.072663,99.550
1769725662.102156,99.550
1769725662.130295,99.550
1769725662.155558,99.540
1769725662.183572,99.550
1769725662.213040,99.550
1769725662.241577,99.540
1769725662.270474,99.550
1769725662.298356,99.550
1769725662.327377,99.550
1769725662.355436,99.550
1769725662.384650,99.560
1769725662.413671,99.550
1769725662.437368,99.540
1769725662.466383,99.550
1769725662.495374,99.550
1769725662.524234,99.550
1769725662.552240,99.560
1769725662.581236,99.560
1769725662.609720,99.560
1769725662.638572,99.550
1769725662.667102,99.550
1769725662.695635,99.540
1769725662.720435,99.540
1769725662.749410,99.550
1769725662.777345,99.550
1769725662.806756,99.540
1769725662.835247,99.540
1769725662.863571,99.540
1769725662.892934,99.550
1769725662.921469,99.550
1769725662.949838,99.550
1769725662.978565,99.540
1769725663.006899,99.550
1769725663.031515,99.550
1769725663.060892,99.540
1769725663.088883,99.540
1769725663.117365,99.560
1769725663.146468,99.550
1769725663.174900,99.550
1769725663.204192,99.540
1769725663.232185,99.560
1769725663.261715,99.550
1769725663.290226,99.560
1769725663.314442,99.550
1769725663.342630,99.550
1769725663.371342,99.550
1769725663.400612,99.550
1769725663.428668,99.550
1769725663.458246,99.550
1769725663.486572,99.550
1769725663.514587,99.540
1769725663.543444,99.540
1769725663.572237,99.550
1769725663.600774,99.550
1769725663.625321,99.550
1769725663.654673,99.550
1769725663.683061,99.540
1769725663.711869,99.550
1769725663.740045,99.540
1769725663.769285,99.550
1769725663.798345,99.540
1769725663.826016,99.550
1769725663.854805,99.540
1769725663.884020,99.550
1769725663.909018,99.550
1769725663.937536,99.540
1769725663.966442,99.540
1769725663.995340,99.540
1769725664.024201,99.550
1769725664.053191,99.550
1769725664.081186,99.550
1769725664.109301,99.540
1769725664.138100,99.550
1769725664.167087,99.560
1769725664.191111,99.550
1769725664.220204,99.550
1769725664.248939,99.550
1769725664.277936,99.550
1769725664.305934,99.550
1769725664.335052,99.560
1769725664.364126,99.540
1769725664.392809,99.550
1769725664.420842,99.540
1769725664.449409,99.540
1769725664.477526,99.540
1769725664.502518,99.540
1769725664.531318,99.540
1769725664.559788,99.550
1769725664.588871,99.540
1769725664.617645,99.550
1769725664.646100,99.550
1769725664.674743,99.550
1769725664.703517,99.540
1769725664.731628,99.550
1769725664.760777,99.550
1769725664.785772,99.550
1769725664.814883,99.550
1769725664.842666,99.540
1769725664.871297,99.560
1769725664.900189,99.540
1769725664.929062,99.550
1769725664.985086,99.550
1769725664.991061,99.550
1769725665.014318,99.550
1769725665.043188,99.560
1769725665.068185,99.540
1769725665.096185,99.540
1769725665.125674,99.540
1769725665.154098,99.540
1769725665.182942,99.540
1769725665.211056,99.540
1769725665.240831,99.540
1769725665.268836,99.540
1769725665.296832,99.540
1769725665.325621,99.540
1769725665.354661,99.540
1769725665.379569,99.550
1769725665.407664,99.540
1769725665.438462,99.550
1769725665.465466,99.560
1769725665.494467,99.540
1769725665.522587,99.540
1769725665.551305,99.550
1769725665.580308,99.550
1769725665.608319,99.550
1769725665.637154,99.550
1769725665.662142,99.540
1769725665.689830,99.540
1769725665.720705,99.550
1769725665.748781,99.540
1769725665.776739,99.540
1769725665.805831,99.550
1769725665.835184,99.550
1769725665.863190,99.550
1769725665.891174,99.550
1769725665.920315,99.550
1769725665.944926,99.550
1769725665.973922,99.550
1769725666.002920,99.550
1769725666.031542,99.540
1769725666.059540,99.550
1769725666.088529,99.550
1769725666.116525,99.540
1769725666.145351,99.550
1769725666.174348,99.550
1769725666.202346,99.540
1769725666.231223,99.530
1769725666.256224,99.560
1769725666.285220,99.540
1769725666.314230,99.550
1769725666.342956,99.550
1769725666.371952,99.560
1769725666.399763,99.560
1769725666.428590,99.550
1769725666.456585,99.550
1769725666.485585,99.550
1769725666.513712,99.550
1769725666.538471,99.540
1769725666.567447,99.560
1769725666.596444,99.540
1769725666.624532,99.540
1769725666.654315,99.540
1769725666.683292,99.540
1769725666.710303,99.550
1769725666.739564,99.530
1769725666.767518,99.540
1769725666.796554,99.540
1769725666.821060,99.540
1769725666.850273,99.540
1769725666.880222,99.540
1769725666.907248,99.550
1769725666.936073,99.540
1769725666.965416,99.540
1769725666.993424,99.530
1769725667.023528,99.540
1769725667.051162,99.540
1769725667.079250,99.550
1769725667.107256,99.540
1769725667.132938,99.550
1769725667.161390,99.540
1769725667.190391,99.550
1769725667.219495,99.540
1769725667.248264,99.540
1769725667.276238,99.540
1769725667.305259,99.550
1769725667.334009,99.540
1769725667.362007,99.550
1769725667.391009,99.540
1769725667.416126,99.550
1769725667.444855,99.540
1769725667.472853,99.540
1769725667.500855,99.540
1769725667.530537,99.550
1769725667.558652,99.550
1769725667.587587,99.550
1769725667.616127,99.550
1769725667.644868,99.550
1769725667.672861,99.550
1769725667.701860,99.560
1769725667.726992,99.550
1769725667.755690,99.540
1769725667.784367,99.550
1769725667.812984,99.540
1769725667.841286,99.550
1769725667.871287,99.550
1769725667.899293,99.540
1769725667.927421,99.540
1769725667.955686,99.540
1769725667.984686,99.540
1769725668.009678,99.540
1769725668.037558,99.540
1769725668.067547,99.550
1769725668.095563,99.550
1769725668.124680,99.530
1769725668.153386,99.540
1769725668.181387,99.540
1769725668.210384,99.550
1769725668.239195,99.540
1769725668.267178,99.540
1769725668.292187,99.550
1769725668.320284,99.540
1769725668.349789,99.540
1769725668.377895,99.560
1769725668.408454,99.550
1769725668.442241,99.550
1769725668.464233,99.550
1769725668.493234,99.550
1769725668.521360,99.550
1769725668.549889,99.550
1769725668.578889,99.530
1769725668.602888,99.540
1769725668.632003,99.550
1769725668.660749,99.550
1769725668.689758,99.540
1769725668.717748,99.550
1769725668.746341,99.540
1769725668.774737,99.550
1769725668.803958,99.540
1769725668.833176,99.550
1769725668.860805,99.540
1769725668.885855,99.550
1769725668.914903,99.540
1769725668.942755,99.550
1769725668.971664,99.540
1769725669.000090,99.540
1769725669.029328,99.540
1769725669.057547,99.550
1769725669.086819,99.540
1769725669.115434,99.550
1769725669.143441,99.550
1769725669.172121,99.550
1769725669.197174,99.550
1769725669.226245,99.540
1769725669.254368,99.550
1769725669.283605,99.550
1769725669.312572,99.550
1769725669.340969,99.540
1769725669.369190,99.550
1769725669.398190,99.540
1769725669.426212,99.550
1769725669.454939,99.550
1769725669.478889,99.540
1769725669.508164,99.540
1769725669.537905,99.550
1769725669.566916,99.530
1769725669.595257,99.540
1769725669.623391,99.550
1769725669.652091,99.550
1769725669.679985,99.540
1769725669.709514,99.530
1769725669.738403,99.550
1769725669.762406,99.540
1769725669.790092,99.550
1769725669.819824,99.540
1769725669.848606,99.540
1769725669.877658,99.540
1769725669.905974,99.540
1769725669.934118,99.540
1769725669.981836,99.530
1769725669.991835,99.550
1769725670.019420,99.530
1769725670.049348,99.530
1769725670.073414,99.540
1769725670.102154,99.540
1769725670.131386,99.550
1769725670.159913,99.550
1769725670.188909,99.540
1769725670.218006,99.550
1769725670.246773,99.540
1769725670.274774,99.550
1769725670.303772,99.550
1769725670.331892,99.540
1769725670.356505,99.540
1769725670.385615,99.550
1769725670.414133,99.550
1769725670.442966,99.550
1769725670.471866,99.550
1769725670.499969,99.540
1769725670.529082,99.550
1769725670.557784,99.550
1769725670.586492,99.550
1769725670.614844,99.550
1769725670.639724,99.540
1769725670.667726,99.560
1769725670.696623,99.550
1769725670.724674,99.540
1769725670.754264,99.540
1769725670.783361,99.530
1769725670.811359,99.550
1769725670.840220,99.550
1769725670.869226,99.550
1769725670.897229,99.550
1769725670.925384,99.540
1769725670.950120,99.540
1769725670.979428,99.550
1769725671.008425,99.540
1769725671.037544,99.550
1769725671.066329,99.550
1769725671.093763,99.550
1769725671.123759,99.540
1769725671.149952,99.550
1769725671.179787,99.540
1769725671.208676,99.550
1769725671.232902,99.540
1769725671.261711,99.540
1769725671.290486,99.550
1769725671.319297,99.550
1769725671.348081,99.540
1769725671.377073,99.540
1769725671.405727,99.550
1769725671.433839,99.540
1769725671.462602,99.550
1769725671.490605,99.550
1769725671.515588,99.540
1769725671.544486,99.550
1769725671.573457,99.540
1769725671.601476,99.550
1769725671.630579,99.550
1769725671.658880,99.540
1769725671.687881,99.550
1769725671.716990,99.560
1769725671.744876,99.550
1769725671.773875,99.540
1769725671.802872,99.550
1769725671.827958,99.540
1769725671.856712,99.530
1769725671.884709,99.540
1769725671.912711,99.550
1769725671.942137,99.540
1769725671.970376,99.540
1769725671.999250,99.540
1769725672.027508,99.550
1769725672.056270,99.540
1769725672.085278,99.540
1769725672.109277,99.550
1769725672.138386,99.550
1769725672.167154,99.550
1769725672.196126,99.540
1769725672.225013,99.550
1769725672.253008,99.550
1769725672.282198,99.540
1769725672.310655,99.540
1769725672.339100,99.540
1769725672.367677,99.550
1769725672.396094,99.550
1769725672.423094,99.540
1769725672.449968,99.540
1769725672.477976,99.550
1769725672.506229,99.540
1769725672.535958,99.550
1769725672.564639,99.540
1769725672.593682,99.540
1769725672.621687,99.550
1769725672.651052,99.550
1769725672.679054,99.540
1769725672.705085,99.550
1769725672.733165,99.550
1769725672.761900,99.540
1769725672.790082,99.540
1769725672.819054,99.540
1769725672.846946,99.530
1769725672.875936,99.530
1769725672.904948,99.540
1769725672.932975,99.540
1769725672.961694,99.550
1769725672.986933,99.550
1769725673.014627,99.550
1769725673.043514,99.550
1769725673.072511,99.550
1769725673.101838,99.540
1769725673.130079,99.550
1769725673.158808,99.540
1769725673.186806,99.550
1769725673.215809,99.550
1769725673.244334,99.550
1769725673.273079,99.550
1769725673.298077,99.540
1769725673.326413,99.550
1769725673.355114,99.540
1769725673.384197,99.540
1769725673.413206,99.550
1769725673.441116,99.540
1769725673.469657,99.550
1769725673.498737,99.550
1769725673.526658,99.550
1769725673.555650,99.550
1769725673.580553,99.550
1769725673.608997,99.540
1769725673.638336,99.560
1769725673.666281,99.550
1769725673.694602,99.540
1769725673.724214,99.550
1769725673.752519,99.540
1769725673.781410,99.540
1769725673.810567,99.530
1769725673.838683,99.530
1769725673.861980,99.540
1769725673.891376,99.540
1769725673.920388,99.540
1769725673.949162,99.540
1769725673.978162,99.540
1769725674.007162,99.550
1769725674.035060,99.550
1769725674.063658,99.550
1769725674.092633,99.550
1769725674.121631,99.550
1769725674.149518,99.550
1769725674.174500,99.550
1769725674.203509,99.540
1769725674.232617,99.540
1769725674.261202,99.550
1769725674.290195,99.540
1769725674.318198,99.550
1769725674.347049,99.550
1769725674.375052,99.550
1769725674.403903,99.550
1769725674.431990,99.550
1769725674.457728,99.540
1769725674.486721,99.550
1769725674.514928,99.540
1769725674.543179,99.550
1769725674.572869,99.550
1769725674.600873,99.550
1769725674.629342,99.550
1769725674.657928,99.550
1769725674.686918,99.550
1769725674.714864,99.530
1769725674.741036,99.550
1769725674.768718,99.540
1769725674.797721,99.560
1769725674.825732,99.540
1769725674.855586,99.540
1769725674.883608,99.550
1769725674.911581,99.550
1769725674.940718,99.550
1769725674.987498,99.550
1769725674.997492,99.550
1769725675.026756,99.540
1769725675.050510,99.550
1769725675.079479,99.550
1769725675.109475,99.550
1769725675.136653,99.540
1769725675.166150,99.550
1769725675.194165,99.550
1769725675.223833,99.550
1769725675.254353,99.550
1769725675.280337,99.550
1769725675.309238,99.550
1769725675.334409,99.540
1769725675.362549,99.550
1769725675.391573,99.550
1769725675.420558,99.550
1769725675.449284,99.550
1769725675.477399,99.550
1769725675.505400,99.540
1769725675.535405,99.550
1769725675.563056,99.550
1769725675.592154,99.550
1769725675.617159,99.540
1769725675.645269,99.550
1769725675.674020,99.550
1769725675.702014,99.550
1769725675.731904,99.550
1769725675.759518,99.550
1769725675.788535,99.550
1769725675.816637,99.550
1769725675.845753,99.540
1769725675.874567,99.550
1769725675.898545,99.530
1769725675.927830,99.540
1769725675.956110,99.550
1769725675.985222,99.540
1769725676.014466,99.540
1769725676.042487,99.550
1769725676.072199,99.550
1769725676.100201,99.540
1769725676.129205,99.540
1769725676.156963,99.550
1769725676.184507,99.540
1769725676.210155,99.550
1769725676.239361,99.550
1769725676.268084,99.550
1769725676.296081,99.540
1769725676.325453,99.540
1769725676.354371,99.550
1769725676.382476,99.540
1769725676.411667,99.550
1769725676.439580,99.550
1769725676.467801,99.540
1769725676.493807,99.540
1769725676.521811,99.540
1769725676.549816,99.560
1769725676.578769,99.540
1769725676.608025,99.540
1769725676.637040,99.560
1769725676.664890,99.540
1769725676.693206,99.540
1769725676.721798,99.540
1769725676.750947,99.550
1769725676.779590,99.540
1769725676.804589,99.540
1769725676.833584,99.540
1769725676.861922,99.550
1769725676.890930,99.550
1769725676.918949,99.550
1769725676.947784,99.540
1769725676.976235,99.550
1769725677.006186,99.550
1769725677.034194,99.540
1769725677.061149,99.550
1769725677.086864,99.540
1769725677.115365,99.550
1769725677.144339,99.550
1769725677.173222,99.540
1769725677.201431,99.560
1769725677.231027,99.540
1769725677.259353,99.550
1769725677.287560,99.540
1769725677.316488,99.540
1769725677.344874,99.550
1769725677.369804,99.540
1769725677.398741,99.540
1769725677.427168,99.540
1769725677.456982,99.550
1769725677.484978,99.550
1769725677.513149,99.550
1769725677.541388,99.540
1769725677.570460,99.550
1769725677.598843,99.550
1769725677.627883,99.550
1769725677.651865,99.550
1769725677.680423,99.540
1769725677.709735,99.550
1769725677.739239,99.550
1769725677.767092,99.550
1769725677.795819,99.540
1769725677.824213,99.550
1769725677.853391,99.550
1769725677.881713,99.540
1769725677.910614,99.540
1769725677.938869,99.540
1769725677.963158,99.550
1769725677.992033,99.540
1769725678.021045,99.550
1769725678.049638,99.550
1769725678.078161,99.550
1769725678.107711,99.550
1769725678.135965,99.550
1769725678.164058,99.550
1769725678.193035,99.550
1769725678.221997,99.550
1769725678.245805,99.550
1769725678.274235,99.530
1769725678.304231,99.540
1769725678.332130,99.620
1769725678.362113,99.550
1769725678.390673,99.550
1769725678.419278,99.540
1769725678.447364,99.540
1769725678.475563,99.540
1769725678.504624,99.540
1769725678.529611,99.630
1769725678.558391,99.840
1769725678.586689,99.750
1769725678.615636,99.770
1769725678.644720,99.760
1769725678.672738,99.830
1769725678.701763,99.850
1769725678.729573,99.910
1769725678.758035,99.950
1769725678.787522,99.980
1769725678.815744,100.010
1769725678.844165,99.980
1769725678.868746,99.960
1769725678.897940,99.960
1769725678.925933,99.960
1769725678.956307,99.980
1769725678.983850,99.990
1769725679.012415,99.980
1769725679.040892,99.960
1769725679.069719,99.970
1769725679.098395,99.980
1769725679.127270,99.990
1769725679.155488,99.970
1769725679.180897,99.960
1769725679.209865,99.980
1769725679.238191,99.980
1769725679.266801,99.980
1769725679.294831,99.980
1769725679.323563,99.980
1769725679.352104,99.990
1769725679.380924,99.990
1769725679.410123,99.990
1769725679.438292,99.990
1769725679.467177,100.000
1769725679.495181,99.990
1769725679.519680,100.110
1769725679.549577,100.140
1769725679.578295,100.140
1769725679.606892,100.040
1769725679.634916,100.040
1769725679.663555,100.030
1769725679.692507,100.070
1769725679.721510,100.060
1769725679.749935,100.060
1769725679.778480,100.000
1769725679.807477,100.020
1769725679.835618,99.990
1769725679.864165,100.050
1769725679.889432,100.140
1769725679.917495,100.160
1769725679.946461,100.140
1769725679.974103,100.150
1769725680.003449,100.140
1769725680.032659,100.040
1769725680.061425,100.020
1769725680.089392,100.020
1769725680.118016,100.010
1769725680.147141,100.020
1769725680.175927,100.020
1769725680.203948,100.030
1769725680.232928,100.010
1769725680.258071,100.030
1769725680.285852,100.020
1769725680.315026,100.030
1769725680.343839,100.030
1769725680.372602,100.050
1769725680.401033,100.160
1769725680.430659,100.010
1769725680.458824,100.000
1769725680.486657,99.990
1769725680.515548,99.710
1769725680.544745,99.740
1769725680.573582,99.670
1769725680.597591,99.560
1769725680.626546,99.580
1769725680.654713,99.570
1769725680.682657,99.580
1769725680.712075,99.580
1769725680.741177,99.570
1769725680.769975,99.580
1769725680.797911,99.570
1769725680.826981,99.580
1769725680.856188,99.580
1769725680.879897,99.570
1769725680.908881,99.570
1769725680.936924,99.570
1769725680.966606,99.560
1769725680.994576,99.570
1769725681.023570,99.570
1769725681.052696,99.570
1769725681.081122,99.570
1769725681.109340,99.570
1769725681.138484,99.560
1769725681.162168,99.560
1769725681.191123,99.560
1769725681.220117,99.570
1769725681.249282,99.570
1769725681.277813,99.560
1769725681.307366,99.570
1769725681.335367,99.570
1769725681.363791,99.570
1769725681.392682,99.570
1769725681.420265,99.560
1769725681.444884,99.550
1769725681.474442,99.560
1769725681.502813,99.560
1769725681.531760,99.570
1769725681.559638,99.560
1769725681.589622,99.590
1769725681.617660,99.570
1769725681.645597,99.570
1769725681.674392,99.570
1769725681.703389,99.570
1769725681.728371,99.560
1769725681.757528,99.560
1769725681.786096,99.560
1769725681.814048,99.560
1769725681.843948,99.560
1769725681.871726,99.560
1769725681.900326,99.560
1769725681.928771,99.560
1769725681.957877,99.550
1769725681.986596,99.560
1769725682.010604,99.560
1769725682.039986,99.570
1769725682.069811,99.550
1769725682.096701,99.550
1769725682.125091,99.550
1769725682.154499,99.560
1769725682.183031,99.560
1769725682.211231,99.570
1769725682.241254,99.560
1769725682.269017,99.560
1769725682.297652,99.550
1769725682.323594,99.560
1769725682.351754,99.560
1769725682.379337,99.560
1769725682.408928,99.560
1769725682.437198,99.560
1769725682.465665,99.560
1769725682.493731,99.560
1769725682.522803,99.550
1769725682.551150,99.560
1769725682.579854,99.560
1769725682.604811,99.560
1769725682.633909,99.560
1769725682.662699,99.550
1769725682.691200,99.550
1769725682.719383,99.550
1769725682.748509,99.550
1769725682.777348,99.550
1769725682.806083,99.560
1769725682.834356,99.550
1769725682.863147,99.560
1769725682.888319,99.550
1769725682.916316,99.540
1769725682.944281,99.550
1769725682.974038,99.560
1769725683.001891,99.560
1769725683.031001,99.550
1769725683.060023,99.560
1769725683.087822,99.550
1769725683.116792,99.550
1769725683.145799,99.550
1769725683.169983,99.550
1769725683.198823,99.550
1769725683.227698,99.560
1769725683.256995,99.550
1769725683.285757,99.550
1769725683.314271,99.560
1769725683.342245,99.550
1769725683.371310,99.540
1769725683.399259,99.550
1769725683.428391,99.570
1769725683.452825,99.550
1769725683.481573,99.550
1769725683.510811,99.550
1769725683.540131,99.550
1769725683.568064,99.560
1769725683.597016,99.560
1769725683.625061,99.550
1769725683.653120,99.550
1769725683.681687,99.550
1769725683.710774,99.540
1769725683.739743,99.550
1769725683.763911,99.560
1769725683.793696,99.550
1769725683.821752,99.540
1769725683.851101,99.550
1769725683.878849,99.550
1769725683.908806,99.550
1769725683.936031,99.540
1769725683.965081,99.550
1769725683.993744,99.550
1769725684.021694,99.560
1769725684.046695,99.550
1769725684.075504,99.550
1769725684.104750,99.550
1769725684.133695,99.550
1769725684.161790,99.550
1769725684.190902,99.550
1769725684.218953,99.550
1769725684.247879,99.550
1769725684.275666,99.560
1769725684.304750,99.550
1769725684.329671,99.550
1769725684.358772,99.560
1769725684.387557,99.560
1769725684.415390,99.560
1769725684.443966,99.560
1769725684.473732,99.560
1769725684.501877,99.560
1769725684.529976,99.550
1769725684.558565,99.560
1769725684.587192,99.560
1769725684.612252,99.560
1769725684.640887,99.560
1769725684.669652,99.550
1769725684.697893,99.560
1769725684.727074,99.550
1769725684.754877,99.550
1769725684.784131,99.550
1769725684.812606,99.560
1769725684.840983,99.550
1769725684.869986,99.560
1769725684.894902,99.550
1769725684.923008,99.560
1769725684.962078,99.550
1769725684.981080,99.550
1769725685.009109,99.560
1769725685.038780,99.540
1769725685.067191,99.560
1769725685.095707,99.550
1769725685.124737,99.550
1769725685.152027,99.550
1769725685.180798,99.560
1769725685.206357,99.570
1769725685.233704,99.560
1769725685.263154,99.550
1769725685.291847,99.560
1769725685.321146,99.560
1769725685.349808,99.560
1769725685.377621,99.560
1769725685.406051,99.550
1769725685.435352,99.550
1769725685.463827,99.560
1769725685.488301,99.560
1769725685.517778,99.550
1769725685.545837,99.560
1769725685.575186,99.550
1769725685.603688,99.560
1769725685.632260,99.540
1769725685.660550,99.550
1769725685.689680,99.550
1769725685.718500,99.550
1769725685.746753,99.550
1769725685.771491,99.550
1769725685.799206,99.560
1769725685.828899,99.550
1769725685.857115,99.550
1769725685.886122,99.550
1769725685.914813,99.550
1769725685.942791,99.550
1769725685.972519,99.550
1769725686.000556,99.560
1769725686.029824,99.550
1769725686.053701,99.550
1769725686.082841,99.540
1769725686.110794,99.550
1769725686.139664,99.550
1769725686.168928,99.550
1769725686.197625,99.550
1769725686.226634,99.540
1769725686.254674,99.550
1769725686.283005,99.560
1769725686.311963,99.550
1769725686.337005,99.550
1769725686.365140,99.560
1769725686.393860,99.550
1769725686.422855,99.550
1769725686.450857,99.550
1769725686.479733,99.550
1769725686.509080,99.560
1769725686.536973,99.550
1769725686.566235,99.540
1769725686.594183,99.540
1769725686.623184,99.550
1769725686.647916,99.550
1769725686.677336,99.550
1769725686.705841,99.560
1769725686.734824,99.560
1769725686.762877,99.560
1769725686.792464,99.540
1769725686.819822,99.550
1769725686.848840,99.550
1769725686.877522,99.550
1769725686.905648,99.550
1769725686.931018,99.550
1769725686.959449,99.560
1769725686.987647,99.550
1769725687.016504,99.540
1769725687.045581,99.540
1769725687.073645,99.540
1769725687.102519,99.540
1769725687.131536,99.540
1769725687.159482,99.540
1769725687.188809,99.540
1769725687.213861,99.540
1769725687.241781,99.540
1769725687.270811,99.540
1769725687.299538,99.540
1769725687.328540,99.550
1769725687.357588,99.540
1769725687.385389,99.550
1769725687.414397,99.540
1769725687.443023,99.540
1769725687.471166,99.540
1769725687.499475,99.540
1769725687.524241,99.540
1769725687.553198,99.540
1769725687.582033,99.540
1769725687.610978,99.540
1769725687.638979,99.540
1769725687.668062,99.540
1769725687.696658,99.540
1769725687.725635,99.530
1769725687.754099,99.550
1769725687.783017,99.540
1769725687.808332,99.540
1769725687.836360,99.530
1769725687.865331,99.550
1769725687.894838,99.540
1769725687.922271,99.550
1769725687.950688,99.540
1769725687.979419,99.540
1769725688.008300,99.540
1769725688.036415,99.550
1769725688.064960,99.560
1769725688.093503,99.540
1769725688.118630,99.540
1769725688.147829,99.550
1769725688.176479,99.550
1769725688.205449,99.550
1769725688.234021,99.550
1769725688.262231,99.550
1769725688.291216,99.550
1769725688.319596,99.550
1769725688.347874,99.540
1769725688.376443,99.550
1769725688.401206,99.550
1769725688.430153,99.550
1769725688.459111,99.560
1769725688.487688,99.560
1769725688.515882,99.550
1769725688.544883,99.550
1769725688.573953,99.540
1769725688.601811,99.550
1769725688.630800,99.550
1769725688.659723,99.540
1769725688.683964,99.550
1769725688.712903,99.550
1769725688.742346,99.550
1769725688.770349,99.550
1769725688.798948,99.550
1769725688.827185,99.540
1769725688.855830,99.550
1769725688.886759,99.550
1769725688.913421,99.560
1769725688.942295,99.550
1769725688.967398,99.540
1769725688.995641,99.550
1769725689.024595,99.540
1769725689.053110,99.550
1769725689.081061,99.550
1769725689.109843,99.570
1769725689.138843,99.550
1769725689.167406,99.550
1769725689.196077,99.540
1769725689.225111,99.560
1769725689.253405,99.560
1769725689.277879,99.560
1769725689.306233,99.560
1769725689.335280,99.550
1769725689.364178,99.550
1769725689.392694,99.550
1769725689.422038,99.550
1769725689.450374,99.560
1769725689.479454,99.560
1769725689.507223,99.560
1769725689.536205,99.560
1769725689.561151,99.560
1769725689.589312,99.550
1769725689.618394,99.560
1769725689.646467,99.560
1769725689.675492,99.560
1769725689.704147,99.550
1769725689.732584,99.550
1769725689.761490,99.540
1769725689.789866,99.560
1769725689.818797,99.550
1769725689.843823,99.550
1769725689.872336,99.550
1769725689.900455,99.550
1769725689.929470,99.550
1769725689.958409,99.550
1769725690.002967,99.540
1769725690.015397,99.550
1769725690.044439,99.550
1769725690.073059,99.550
1769725690.101312,99.550
1769725690.126180,99.550
1769725690.154669,99.550
1769725690.183577,99.550
1769725690.211589,99.560
1769725690.241060,99.550
1769725690.269770,99.550
1769725690.297969,99.550
1769725690.327165,99.550
1769725690.355623,99.550
1769725690.384292,99.560
1769725690.412475,99.550
1769725690.437470,99.550
1769725690.467706,99.550
1769725690.495543,99.550
1769725690.523619,99.540
1769725690.551659,99.550
1769725690.581500,99.540
1769725690.610002,99.540
1769725690.637999,99.550
1769725690.666125,99.550
1769725690.694822,99.550
1769725690.720822,99.540
1769725690.748821,99.540
1769725690.777927,99.540
1769725690.806668,99.540
1769725690.835674,99.540
1769725690.863649,99.540
1769725690.892444,99.550
1769725690.921444,99.550
1769725690.949477,99.560
1769725690.977566,99.540
1769725691.002325,99.560
1769725691.031395,99.530
1769725691.060219,99.560
1769725691.088981,99.550
1769725691.116979,99.550
1769725691.146011,99.560
1769725691.174987,99.550
1769725691.203716,99.550
1769725691.231659,99.540
1769725691.260714,99.560
1769725691.289551,99.550
1769725691.313588,99.550
1769725691.343553,99.550
1769725691.371674,99.550
1769725691.400443,99.550
1769725691.428807,99.550
1769725691.458799,99.560
1769725691.486562,99.550
1769725691.514579,99.550
1769725691.542570,99.560
1769725691.571695,99.550
1769725691.596610,99.550
1769725691.625195,99.540
1769725691.653650,99.550
1769725691.682836,99.550
1769725691.711263,99.550
1769725691.739926,99.540
1769725691.768945,99.550
1769725691.797560,99.550
1769725691.826467,99.540
1769725691.854589,99.550
1769725691.879693,99.540
1769725691.908347,99.550
1769725691.937344,99.550
1769725691.965341,99.540
1769725691.993889,99.550
1769725692.023018,99.540
1769725692.051001,99.550
1769725692.079980,99.550
1769725692.108248,99.540
1769725692.137370,99.560
1769725692.165377,99.550
1769725692.191233,99.550
1769725692.219230,99.540
1769725692.247631,99.550
1769725692.276698,99.540
1769725692.305469,99.550
1769725692.334023,99.550
1769725692.362475,99.540
1769725692.390556,99.550
1769725692.420066,99.550
1769725692.448179,99.550
1769725692.473253,99.550
1769725692.501984,99.550
1769725692.530413,99.540
1769725692.559567,99.550
1769725692.588586,99.560
1769725692.616544,99.550
1769725692.645550,99.550
1769725692.674679,99.560
1769725692.703111,99.550
1769725692.731476,99.550
1769725692.756276,99.550
1769725692.785067,99.550
1769725692.813913,99.550
1769725692.841868,99.550
1769725692.871089,99.550
1769725692.899615,99.550
1769725692.928005,99.550
1769725692.955854,99.550
1769725692.985196,99.550
1769725693.014223,99.540
1769725693.038344,99.550
1769725693.067637,99.550
1769725693.096745,99.550
1769725693.125872,99.550
1769725693.153178,99.550
1769725693.181651,99.550
1769725693.211104,99.550
1769725693.240142,99.550
1769725693.267338,99.550
1769725693.296309,99.540
1769725693.324874,99.550
1769725693.349977,99.540
1769725693.378046,99.540
1769725693.407732,99.550
1769725693.435957,99.540
1769725693.464517,99.540
1769725693.493927,99.550
1769725693.521604,99.540
1769725693.550533,99.540
1769725693.578770,99.550
1769725693.607734,99.540
1769725693.632728,99.540
1769725693.660765,99.540
1769725693.690412,99.550
1769725693.718466,99.550
1769725693.747368,99.550
1769725693.775478,99.540
1769725693.804140,99.550
1769725693.833361,99.550
1769725693.861793,99.540
1769725693.890432,99.550
1769725693.915166,99.550
1769725693.943781,99.550
1769725693.972553,99.550
1769725694.001818,99.550
1769725694.029761,99.550
1769725694.058913,99.540
1769725694.086988,99.560
1769725694.115648,99.540
1769725694.144666,99.540
1769725694.173645,99.560
1769725694.201635,99.550
1769725694.226645,99.560
1769725694.255678,99.550
1769725694.284796,99.550
1769725694.313106,99.540
1769725694.341313,99.550
1769725694.370203,99.550
1769725694.398981,99.540
1769725694.427090,99.540
1769725694.455709,99.550
1769725694.484703,99.540
1769725694.509281,99.540
1769725694.537755,99.550
1769725694.566218,99.550
1769725694.595787,99.540
1769725694.624969,99.540
1769725694.652734,99.550
1769725694.681199,99.550
1769725694.709475,99.550
1769725694.738916,99.550
1769725694.767005,99.540
1769725694.791728,99.550
1769725694.820816,99.540
1769725694.848751,99.550
1769725694.878232,99.550
1769725694.906787,99.540
1769725694.935831,99.540
1769725694.963775,99.550
1769725694.995290,99.550
1769725695.021013,99.550
1769725695.049541,99.540
1769725695.075557,99.550
1769725695.103290,99.550
1769725695.132270,99.540
1769725695.160716,99.550
1769725695.189878,99.540
1769725695.218406,99.540
1769725695.246200,99.550
1769725695.275160,99.550
1769725695.303258,99.540
1769725695.332563,99.550
1769725695.359925,99.550
1769725695.386040,99.540
1769725695.414130,99.550
1769725695.444076,99.550
1769725695.472079,99.550
1769725695.500613,99.540
1769725695.529329,99.540
1769725695.557860,99.540
1769725695.586934,99.540
1769725695.615448,99.540
1769725695.643476,99.550
1769725695.668446,99.550
1769725695.695953,99.550
1769725695.725266,99.550
1769725695.754401,99.540
1769725695.783281,99.540
1769725695.812112,99.550
1769725695.840400,99.560
1769725695.869314,99.540
1769725695.897961,99.540
1769725695.926032,99.540
1769725695.951031,99.550
1769725695.980107,99.540
1769725696.008654,99.540
1769725696.037716,99.550
1769725696.065556,99.550
1769725696.093950,99.550
1769725696.122904,99.550
1769725696.151832,99.540
1769725696.180342,99.550
1769725696.209025,99.550
1769725696.237619,99.540
1769725696.261927,99.550
1769725696.290713,99.540
1769725696.320250,99.550
1769725696.348131,99.540
1769725696.377033,99.550
1769725696.405497,99.540
1769725696.434465,99.540
1769725696.463016,99.540
1769725696.492105,99.540
1769725696.519858,99.550
1769725696.544857,99.550
1769725696.573894,99.540
1769725696.602808,99.540
1769725696.630759,99.540
1769725696.659780,99.540
1769725696.688895,99.540
1769725696.716415,99.540
1769725696.745173,99.540
1769725696.774086,99.540
1769725696.803077,99.550
1769725696.831038,99.530
1769725696.856064,99.550
1769725696.885160,99.550
1769725696.913588,99.540
1769725696.942689,99.530
1769725696.970685,99.540
1769725696.999412,99.550
1769725697.028483,99.540
1769725697.056490,99.550
1769725697.085677,99.550
1769725697.114171,99.540
1769725697.138757,99.550
1769725697.167793,99.540
1769725697.196509,99.550
1769725697.225640,99.550
1769725697.253634,99.540
1769725697.282606,99.540
1769725697.311547,99.540
1769725697.339851,99.540
1769725697.368480,99.550
1769725697.396667,99.550
1769725697.421421,99.550
1769725697.450402,99.540
1769725697.479415,99.550
1769725697.508281,99.540
1769725697.537282,99.540
1769725697.565286,99.550
1769725697.594534,99.540
1769725697.622197,99.540
1769725697.651195,99.540
1769725697.680063,99.540
1769725697.708643,99.550
1769725697.732645,99.540
1769725697.761648,99.540
1769725697.791209,99.550
1769725697.819553,99.540
1769725697.847592,99.540
1769725697.876516,99.550
1769725697.904861,99.540
1769725697.933750,99.540
1769725697.962578,99.540
1769725697.990814,99.540
1769725698.015523,99.550
1769725698.044959,99.540
1769725698.073051,99.540
1769725698.102824,99.530
1769725698.130771,99.540
1769725698.158962,99.540
1769725698.188167,99.540
1769725698.216343,99.550
1769725698.245218,99.560
1769725698.273551,99.540
1769725698.297933,99.550
1769725698.327085,99.540
1769725698.355612,99.540
1769725698.384219,99.550
1769725698.412212,99.550
1769725698.441440,99.550
1769725698.470547,99.540
1769725698.499145,99.540
1769725698.527859,99.540
1769725698.555977,99.550
1769725698.585093,99.540
1769725698.609865,99.540
1769725698.638915,99.550
1769725698.666873,99.540
1769725698.695999,99.550
1769725698.724816,99.540
1769725698.752816,99.550
1769725698.782238,99.530
1769725698.810659,99.550
1769725698.838363,99.540
1769725698.867740,99.540
1769725698.892667,99.540
1769725698.920751,99.540
1769725698.949765,99.550
1769725698.978691,99.530
1769725699.006916,99.550
1769725699.035911,99.550
1769725699.064727,99.530
1769725699.092833,99.550
1769725699.121588,99.540
1769725699.150351,99.550
1769725699.175290,99.550
1769725699.203515,99.540
1769725699.232475,99.540
1769725699.260775,99.540
1769725699.289758,99.550
1769725699.318619,99.550
1769725699.347330,99.540
1769725699.375834,99.550
1769725699.404605,99.550
1769725699.433250,99.550
1769725699.460972,99.540
1769725699.486511,99.530
1769725699.514412,99.540
1769725699.543832,99.550
1769725699.572079,99.550
1769725699.601110,99.540
1769725699.630132,99.550
1769725699.658602,99.540
1769725699.687109,99.540
1769725699.715291,99.540
1769725699.744148,99.530
1769725699.769148,99.550
1769725699.797664,99.540
1769725699.826563,99.540
1769725699.854198,99.550
1769725699.883190,99.540
1769725699.912040,99.540
1769725699.941004,99.550
1769725699.969630,99.540
1769725699.997645,99.540
1769725700.027177,99.540
1769725700.055181,99.550
1769725700.080194,99.540
1769725700.109383,99.530
1769725700.137817,99.550
1769725700.166811,99.530
1769725700.195026,99.540
1769725700.223848,99.540
1769725700.251815,99.540
1769725700.280819,99.530
1769725700.309650,99.540
1769725700.338661,99.550
1769725700.362654,99.540
1769725700.390834,99.550
1769725700.420628,99.530
1769725700.448563,99.540
1769725700.477636,99.540
1769725700.506351,99.550
1769725700.535311,99.550
1769725700.563293,99.540
1769725700.592443,99.540
1769725700.620914,99.530
1769725700.644907,99.540
1769725700.673770,99.540
1769725700.703274,99.540
1769725700.732056,99.540
1769725700.760104,99.540
1769725700.789261,99.540
1769725700.817996,99.550
1769725700.846080,99.550
1769725700.875073,99.540
1769725700.903453,99.540
1769725700.932326,99.540
1769725700.956509,99.540
1769725700.985332,99.550
1769725701.013828,99.540
1769725701.042829,99.540
1769725701.071873,99.550
1769725701.100029,99.540
1769725701.128759,99.550
1769725701.157776,99.540
1769725701.185791,99.540
1769725701.214576,99.550
1769725701.239720,99.540
1769725701.267723,99.550
1769725701.296751,99.550
1769725701.325364,99.550
1769725701.354486,99.540
1769725701.382448,99.540
1769725701.411227,99.550
1769725701.440137,99.540
1769725701.469257,99.540
1769725701.497435,99.540
1769725701.526261,99.540
1769725701.550251,99.540
1769725701.579254,99.530
1769725701.608052,99.530
1769725701.637081,99.530
1769725701.665145,99.540
1769725701.694268,99.540
1769725701.723065,99.540
1769725701.752046,99.540
1769725701.780391,99.530
1769725701.808982,99.540
1769725701.833976,99.550
1769725701.862369,99.540
1769725701.891460,99.540
1769725701.920174,99.540
1769725701.949179,99.550
1769725701.977189,99.540
1769725702.006006,99.540
1769725702.034000,99.540
1769725702.063019,99.540
1769725702.091647,99.540
1769725702.116425,99.540
1769725702.144395,99.550
1769725702.173391,99.540
1769725702.202519,99.540
1769725702.230858,99.540
1769725702.259898,99.550
1769725702.288880,99.540
1769725702.316635,99.540
1769725702.345894,99.550
1769725702.374445,99.530
1769725702.402849,99.540
1769725702.427968,99.540
1769725702.456152,99.540
1769725702.485513,99.550
1769725702.513272,99.540
1769725702.543365,99.530
1769725702.571271,99.540
1769725702.599444,99.540
1769725702.628817,99.550
1769725702.657124,99.540
1769725702.686100,99.530
1769725702.709982,99.530
1769725702.738975,99.530
1769725702.767855,99.540
1769725702.796285,99.540
1769725702.824864,99.540
1769725702.853676,99.520
1769725702.882705,99.520
1769725702.911272,99.540
1769725702.939484,99.530
1769725702.968565,99.530
1769725702.993670,99.540
1769725703.021916,99.550
1769725703.050961,99.540
1769725703.079979,99.550
1769725703.107701,99.540
1769725703.136816,99.540
1769725703.164756,99.550
1769725703.193891,99.540
1769725703.222610,99.540
1769725703.250612,99.540
1769725703.279616,99.540
1769725703.304718,99.540
1769725703.333029,99.540
1769725703.361977,99.540
1769725703.390436,99.540
1769725703.419436,99.550
1769725703.448436,99.550
1769725703.476689,99.540
1769725703.505107,99.550
1769725703.533923,99.540
1769725703.561926,99.540
1769725703.586717,99.550
1769725703.615252,99.540
1769725703.643369,99.540
1769725703.672766,99.540
1769725703.701937,99.540
1769725703.729155,99.530
1769725703.759001,99.540
1769725703.787836,99.540
1769725703.816364,99.540
1769725703.844988,99.540
1769725703.872942,99.530
1769725703.898484,99.530
1769725703.926234,99.540
1769725703.955555,99.540
1769725703.984348,99.530
1769725704.012408,99.540
1769725704.041418,99.540
1769725704.070803,99.540
1769725704.098802,99.550
1769725704.127308,99.550
1769725704.155547,99.540
1769725704.180568,99.550
1769725704.209646,99.540
1769725704.238088,99.540
1769725704.266903,99.540
1769725704.295986,99.530
1769725704.324149,99.540
1769725704.352822,99.530
1769725704.380552,99.540
1769725704.410362,99.550
1769725704.439061,99.540
1769725704.463201,99.540
1769725704.491635,99.540
1769725704.521143,99.550
1769725704.549634,99.530
1769725704.578622,99.540
1769725704.606275,99.550
1769725704.635259,99.540
1769725704.664143,99.540
1769725704.692860,99.550
1769725704.720962,99.530
1769725704.749536,99.540
1769725704.775145,99.540
1769725704.803609,99.540
1769725704.831740,99.530
1769725704.860778,99.550
1769725704.889730,99.540
1769725704.918667,99.540
1769725704.946702,99.550
1769725704.975284,99.530
1769725705.018817,99.540
1769725705.032595,99.540
1769725705.057368,99.540
1769725705.086095,99.540
1769725705.114920,99.540
1769725705.143361,99.540
1769725705.172106,99.540
1769725705.201267,99.540
1769725705.229456,99.530
1769725705.258360,99.540
1769725705.286473,99.550
1769725705.315780,99.540
1769725705.344165,99.540
1769725705.368245,99.540
1769725705.397218,99.530
1769725705.426135,99.550
1769725705.455257,99.540
1769725705.483361,99.540
1769725705.512652,99.530
1769725705.540954,99.540
1769725705.569108,99.540
1769725705.598068,99.540
1769725705.626518,99.540
1769725705.651546,99.540
1769725705.679816,99.540
1769725705.708887,99.540
1769725705.737751,99.530
1769725705.765723,99.550
1769725705.794068,99.540
1769725705.823176,99.550
1769725705.852191,99.540
1769725705.880588,99.550
1769725705.909196,99.540
1769725705.934001,99.550
1769725705.962993,99.550
1769725705.991054,99.540
1769725706.019884,99.540
1769725706.048839,99.530
1769725706.077888,99.540
1769725706.106000,99.540
1769725706.135325,99.540
1769725706.163909,99.540
1769725706.191929,99.550
1769725706.220203,99.540
1769725706.245380,99.540
1769725706.274534,99.540
1769725706.302356,99.530
1769725706.331108,99.530
1769725706.360680,99.540
1769725706.389061,99.530
1769725706.417469,99.540
1769725706.446225,99.550
1769725706.475309,99.540
1769725706.503347,99.540
1769725706.527787,99.540
1769725706.556838,99.530
1769725706.585627,99.540
1769725706.614636,99.540
1769725706.643361,99.550
1769725706.671418,99.530
1769725706.700733,99.530
1769725706.728405,99.530
1769725706.757562,99.530
1769725706.786537,99.530
1769725706.810559,99.530
1769725706.839756,99.530
1769725706.867941,99.540
1769725706.897967,99.530
1769725706.925937,99.530
1769725706.954893,99.540
1769725706.982342,99.540
1769725707.011464,99.540
1769725707.040510,99.540
1769725707.068586,99.530
1769725707.097472,99.530
1769725707.122148,99.520
1769725707.151148,99.530
1769725707.179459,99.530
1769725707.208554,99.530
1769725707.236881,99.540
1769725707.265464,99.530
1769725707.294436,99.530
1769725707.322662,99.530
1769725707.351701,99.530
1769725707.379010,99.540
1769725707.404546,99.530
1769725707.433048,99.530
1769725707.462814,99.540
1769725707.491332,99.540
1769725707.519926,99.540
1769725707.548640,99.540
1769725707.577526,99.550
1769725707.605639,99.540
1769725707.634493,99.540
1769725707.662460,99.550
1769725707.691427,99.540
1769725707.716116,99.540
1769725707.744065,99.540
1769725707.773240,99.540
1769725707.802871,99.530
1769725707.831390,99.540
1769725707.860100,99.540
1769725707.888108,99.540
1769725707.916767,99.550
1769725707.944324,99.540
1769725707.974551,99.540
1769725707.998591,99.550
1769725708.027518,99.540
1769725708.056527,99.550
1769725708.085048,99.540
1769725708.113139,99.540
1769725708.141939,99.530
1769725708.170828,99.540
1769725708.199920,99.530
1769725708.228497,99.540
1769725708.256547,99.540
1769725708.281067,99.530
1769725708.311345,99.540
1769725708.338940,99.540
1769725708.367932,99.540
1769725708.395728,99.540
1769725708.425406,99.540
1769725708.454459,99.540
1769725708.482409,99.540
1769725708.510519,99.540
1769725708.538946,99.550
1769725708.567938,99.540
1769725708.592833,99.540
1769725708.622028,99.540
1769725708.650146,99.540
1769725708.678520,99.540
1769725708.707716,99.540
1769725708.736355,99.540
1769725708.765302,99.540
1769725708.793958,99.540
1769725708.822084,99.540
1769725708.849836,99.540
1769725708.875248,99.540
1769725708.903877,99.530
1769725708.932920,99.540
1769725708.961885,99.530
1769725708.989880,99.530
1769725709.018198,99.540
1769725709.047480,99.540
1769725709.076459,99.530
1769725709.104213,99.530
1769725709.133379,99.540
1769725709.161662,99.530
1769725709.186237,99.540
1769725709.215282,99.540
1769725709.245908,99.530
1769725709.273034,99.530
1769725709.301542,99.530
1769725709.329886,99.540
1769725709.358947,99.540
1769725709.387152,99.530
1769725709.416579,99.550
1769725709.444819,99.530
1769725709.469336,99.540
1769725709.499538,99.540
1769725709.526116,99.540
1769725709.555392,99.540
1769725709.584248,99.530
1769725709.612758,99.530
1769725709.641267,99.540
1769725709.669707,99.540
1769725709.698562,99.540
1769725709.727122,99.540
1769725709.751432,99.540
1769725709.781475,99.540
1769725709.809979,99.540
1769725709.837763,99.540
1769725709.866722,99.540
1769725709.895705,99.530
1769725709.924473,99.550
1769725709.952579,99.540
1769725709.981525,99.530
1769725710.010693,99.540
1769725710.038456,99.540
1769725710.063395,99.530
1769725710.092453,99.530
1769725710.120590,99.540
1769725710.149561,99.530
1769725710.177655,99.550
1769725710.206800,99.530
1769725710.235516,99.530
1769725710.264515,99.530
1769725710.292594,99.530
1769725710.321388,99.530
1769725710.345806,99.530
1769725710.374407,99.530
1769725710.403587,99.530
1769725710.431957,99.530
1769725710.460800,99.520
1769725710.490198,99.530
1769725710.518615,99.540
1769725710.547287,99.530
1769725710.575444,99.530
1769725710.604156,99.530
1769725710.632395,99.530
1769725710.657455,99.520
1769725710.685796,99.540
1769725710.715118,99.530
1769725710.744773,99.520
1769725710.772790,99.530
1769725710.800932,99.530
1769725710.830333,99.530
1769725710.858773,99.530
1769725710.886641,99.530
1769725710.915213,99.540
1769725710.939985,99.540
1769725710.968047,99.540
1769725710.997427,99.530
1769725711.026547,99.540
1769725711.054633,99.540
1769725711.083003,99.530
1769725711.112424,99.540
1769725711.140793,99.540
1769725711.169822,99.530
1769725711.197785,99.540
1769725711.226776,99.530
1769725711.251709,99.550
1769725711.279985,99.540
1769725711.309184,99.540
1769725711.337842,99.530
1769725711.366203,99.530
1769725711.395013,99.540
1769725711.422817,99.530
1769725711.452083,99.540
1769725711.480992,99.530
1769725711.509329,99.530
1769725711.533756,99.530
1769725711.562725,99.530
1769725711.592169,99.550
1769725711.619964,99.530
1769725711.649050,99.540
1769725711.677456,99.530
1769725711.706146,99.540
1769725711.734129,99.530
1769725711.762792,99.540
1769725711.791955,99.530
1769725711.815893,99.530
1769725711.845469,99.530
1769725711.873849,99.530
1769725711.902338,99.530
1769725711.931672,99.530
1769725711.960567,99.530
1769725711.988363,99.520
1769725712.016617,99.530
1769725712.044913,99.530
1769725712.074722,99.530
1769725712.103740,99.530
1769725712.128377,99.540
1769725712.157408,99.540
1769725712.184951,99.550
1769725712.214117,99.540
1769725712.242932,99.540
1769725712.272018,99.540
1769725712.300140,99.540
1769725712.329787,99.550
1769725712.357848,99.540
1769725712.386347,99.540
1769725712.411514,99.550
1769725712.439955,99.530
1769725712.467958,99.540
1769725712.496923,99.540
1769725712.525770,99.530
1769725712.553847,99.520
1769725712.582926,99.540
1769725712.611417,99.540
1769725712.639920,99.540
1769725712.668572,99.530
1769725712.697579,99.530
1769725712.721907,99.530
1769725712.750789,99.540
1769725712.779955,99.540
1769725712.808282,99.530
1769725712.837092,99.530
1769725712.866049,99.540
1769725712.895064,99.530
1769725712.922627,99.540
1769725712.950694,99.540
1769725712.980053,99.530
1769725713.005099,99.540
1769725713.033709,99.540
1769725713.061708,99.540
1769725713.090003,99.540
1769725713.119048,99.540
1769725713.148324,99.540
1769725713.176325,99.540
1769725713.205849,99.530
1769725713.233938,99.550
1769725713.262952,99.530
1769725713.291042,99.540
1769725713.315589,99.540
1769725713.346052,99.540
1769725713.373578,99.540
1769725713.402426,99.540
1769725713.430562,99.530
1769725713.459011,99.530
1769725713.488438,99.540
1769725713.516531,99.540
1769725713.545160,99.540
1769725713.573976,99.560
1769725713.599150,99.550
1769725713.627734,99.530
1769725713.656411,99.530
1769725713.684528,99.540
1769725713.713422,99.540
1769725713.742003,99.540
1769725713.770566,99.540
1769725713.799516,99.540
1769725713.828325,99.540
1769725713.856967,99.550
1769725713.880900,99.540
1769725713.910950,99.550
1769725713.938563,99.540
1769725713.967618,99.530
1769725713.995768,99.530
1769725714.024787,99.540
1769725714.052814,99.540
1769725714.081963,99.550
1769725714.110707,99.530
1769725714.139205,99.540
1769725714.168014,99.540
1769725714.192813,99.540
1769725714.221307,99.540
1769725714.250327,99.540
1769725714.278859,99.540
1769725714.307886,99.530
1769725714.336719,99.540
1769725714.365733,99.540
1769725714.393578,99.540
1769725714.421937,99.540
1769725714.450640,99.550
1769725714.475560,99.540
1769725714.503565,99.550
1769725714.532398,99.540
1769725714.562515,99.530
1769725714.589935,99.530
1769725714.618884,99.550
1769725714.647276,99.540
1769725714.676323,99.550
1769725714.704912,99.540
1769725714.732985,99.540
1769725714.761872,99.530
1769725714.786911,99.530
1769725714.815287,99.530
1769725714.844868,99.550
1769725714.873138,99.530
1769725714.901502,99.540
1769725714.929892,99.540
1769725714.958551,99.540
1769725714.990560,99.530
1769725715.016048,99.540
1769725715.045047,99.540
1769725715.069515,99.530
1769725715.098059,99.530
1769725715.126213,99.520
1769725715.155449,99.520
1769725715.183515,99.520
1769725715.212631,99.530
1769725715.241472,99.530
1769725715.270329,99.540
1769725715.298931,99.540
1769725715.327092,99.550
1769725715.351841,99.550
1769725715.380852,99.530
1769725715.409893,99.540
1769725715.437742,99.540
1769725715.466750,99.530
1769725715.495759,99.530
1769725715.524256,99.540
1769725715.552283,99.540
1769725715.581437,99.540
1769725715.609936,99.550
1769725715.638777,99.550
1769725715.662692,99.550
1769725715.691702,99.540
1769725715.720805,99.540
1769725715.748596,99.550
1769725715.778972,99.540
1769725715.806954,99.530
1769725715.834883,99.540
1769725715.863877,99.540
1769725715.892920,99.540
1769725715.921019,99.540
1769725715.945765,99.530
1769725715.974710,99.530
1769725716.003709,99.540
1769725716.032724,99.540
1769725716.060403,99.540
1769725716.090358,99.540
1769725716.117362,99.540
1769725716.146982,99.530
1769725716.175140,99.540
1769725716.204035,99.530
1769725716.232468,99.530
1769725716.256450,99.530
1769725716.285229,99.530
1769725716.314677,99.530
1769725716.342985,99.540
1769725716.371721,99.540
1769725716.400563,99.530
1769725716.430152,99.540
1769725716.458732,99.530
1769725716.486904,99.540
1769725716.514760,99.540
1769725716.539533,99.540
1769725716.568625,99.530
1769725716.597629,99.530
1769725716.626249,99.530
1769725716.654060,99.540
1769725716.683060,99.550
1769725716.712099,99.530
1769725716.741068,99.540
1769725716.769035,99.530
1769725716.798025,99.530
1769725716.826201,99.530
1769725716.851747,99.540
1769725716.880749,99.530
1769725716.909780,99.540
1769725716.937606,99.540
1769725716.966561,99.530
1769725716.994551,99.540
1769725717.023754,99.530
1769725717.051509,99.530
1769725717.080765,99.540
1769725717.109195,99.530
1769725717.133370,99.550
1769725717.162684,99.540
1769725717.191519,99.540
1769725717.219682,99.540
1769725717.248870,99.540
1769725717.277886,99.530
1769725717.305832,99.530
1769725717.333917,99.540
1769725717.363221,99.540
1769725717.392232,99.530
1769725717.416581,99.540
1769725717.445169,99.530
1769725717.474024,99.540
1769725717.502111,99.540
1769725717.532168,99.540
1769725717.560582,99.530
1769725717.588916,99.540
1769725717.617473,99.530
1769725717.645875,99.520
1769725717.675040,99.540
1769725717.702798,99.540
1769725717.727852,99.530
1769725717.756581,99.540
1769725717.785296,99.540
1769725717.814252,99.540
1769725717.843113,99.540
1769725717.871076,99.540
1769725717.901014,99.540
1769725717.929090,99.550
1769725717.957833,99.530
1769725717.985843,99.530
1769725718.010836,99.520
1769725718.039738,99.530
1769725718.067762,99.530
1769725718.096776,99.530
1769725718.125633,99.530
1769725718.154162,99.530
1769725718.182827,99.530
1769725718.211777,99.530
1769725718.239774,99.520
1769725718.268908,99.530
1769725718.296905,99.520
1769725718.321424,99.530
1769725718.350167,99.530
1769725718.378311,99.520
1769725718.407673,99.530
1769725718.436450,99.520
1769725718.465175,99.520
1769725718.493524,99.520
1769725718.521994,99.530
1769725718.550406,99.530
1769725718.579839,99.530
1769725718.604174,99.520
1769725718.633100,99.530
1769725718.662196,99.530
1769725718.690711,99.530
1769725718.718995,99.530
1769725718.747548,99.540
1769725718.776560,99.530
1769725718.805058,99.530
1769725718.834156,99.530
1769725718.861423,99.540
1769725718.887496,99.540
1769725718.916440,99.530
1769725718.945426,99.540
1769725718.973826,99.530
1769725719.001902,99.540
1769725719.031025,99.540
1769725719.059671,99.520
1769725719.087728,99.530
1769725719.116681,99.540
1769725719.145068,99.530
1769725719.173757,99.540
1769725719.198887,99.540
1769725719.228082,99.530
1769725719.255591,99.530
1769725719.284424,99.540
1769725719.313414,99.530
1769725719.342857,99.530
1769725719.370865,99.540
1769725719.399828,99.530
1769725719.428217,99.540
1769725719.456082,99.530
1769725719.481007,99.540
1769725719.510009,99.540
1769725719.539023,99.530
1769725719.567585,99.530
1769725719.596537,99.530
1769725719.625579,99.530
1769725719.653384,99.530
1769725719.682069,99.540
1769725719.710090,99.540
1769725719.738921,99.530
1769725719.767269,99.530
1769725719.792224,99.530
1769725719.821280,99.520
1769725719.850200,99.530
1769725719.879242,99.540
1769725719.908269,99.530
1769725719.936228,99.530
1769725719.964697,99.530
1769725719.992622,99.540
1769725720.037643,99.530
1769725720.050562,99.540
1769725720.075090,99.530
1769725720.103653,99.540
1769725720.132824,99.530
1769725720.161266,99.530
1769725720.190364,99.530
1769725720.218326,99.530
1769725720.247671,99.530
1769725720.275633,99.520
1769725720.304703,99.530
1769725720.332801,99.520
1769725720.357970,99.530
1769725720.386168,99.540
1769725720.414918,99.520
1769725720.443929,99.550
1769725720.472815,99.530
1769725720.501038,99.540
1769725720.530148,99.530
1769725720.558563,99.530
1769725720.586517,99.540
1769725720.616002,99.540
1769725720.644846,99.530
1769725720.669873,99.530
1769725720.697832,99.530
1769725720.726413,99.530
1769725720.755301,99.530
1769725720.783767,99.530
1769725720.812549,99.510
1769725720.840976,99.520
1769725720.869848,99.530
1769725720.898794,99.520
1769725720.927146,99.520
1769725720.951365,99.520
1769725720.980852,99.530
1769725721.008940,99.530
1769725721.038119,99.530
1769725721.066972,99.530
1769725721.096011,99.540
1769725721.124908,99.520
1769725721.152722,99.540
1769725721.180948,99.530
1769725721.209733,99.530
1769725721.238745,99.520
1769725721.262518,99.530
1769725721.292527,99.540
1769725721.319528,99.530
1769725721.349278,99.530
1769725721.378300,99.530
1769725721.406297,99.530
1769725721.435366,99.530
1769725721.464361,99.540
1769725721.492691,99.530
1769725721.520684,99.530
1769725721.544761,99.530
1769725721.573775,99.530
1769725721.603540,99.540
1769725721.631641,99.540
1769725721.661285,99.530
1769725721.689267,99.530
1769725721.717525,99.530
1769725721.747098,99.540
1769725721.773801,99.540
1769725721.803006,99.530
1769725721.832133,99.530
1769725721.856872,99.530
1769725721.885775,99.530
1769725721.914840,99.530
1769725721.942955,99.540
1769725721.971641,99.520
1769725722.000578,99.530
1769725722.029551,99.530
1769725722.058260,99.540
1769725722.086314,99.540
1769725722.115270,99.540
1769725722.140346,99.520
1769725722.168990,99.530
1769725722.197952,99.540
1769725722.226324,99.530
1769725722.255007,99.530
1769725722.283801,99.530
1769725722.312880,99.520
1769725722.340942,99.530
1769725722.369253,99.530
1769725722.398183,99.530
1769725722.426267,99.530
1769725722.451888,99.540
1769725722.479919,99.530
1769725722.508357,99.530
1769725722.537316,99.540
1769725722.566022,99.540
1769725722.595011,99.540
1769725722.623504,99.530
1769725722.652176,99.530
1769725722.680230,99.530
1769725722.709193,99.530
1769725722.734231,99.530
1769725722.762845,99.540
1769725722.791628,99.530
1769725722.819792,99.530
1769725722.848476,99.530
1769725722.877527,99.530
1769725722.905604,99.530
1769725722.934468,99.530
1769725722.964131,99.540
1769725722.991068,99.530
1769725723.016070,99.530
1769725723.044639,99.530
1769725723.073483,99.530
1769725723.101772,99.540
1769725723.131968,99.540
1769725723.159512,99.530
1769725723.188589,99.530
1769725723.217298,99.530
1769725723.246545,99.540
1769725723.274282,99.530
1769725723.302302,99.520
1769725723.327327,99.540
1769725723.356229,99.530
1769725723.385242,99.530
1769725723.414262,99.520
1769725723.443331,99.550
1769725723.471145,99.540
1769725723.499121,99.530
1769725723.528142,99.540
1769725723.556679,99.530
1769725723.585690,99.540
1769725723.610723,99.540
1769725723.638884,99.540
1769725723.667580,99.520
1769725723.696621,99.530
1769725723.725615,99.530
1769725723.753525,99.530
1769725723.782517,99.530
1769725723.810772,99.540
1769725723.839859,99.530
1769725723.868557,99.530
1769725723.896620,99.530
1769725723.922149,99.540
1769725723.951034,99.530
1769725723.980205,99.530
1769725724.008206,99.540
1769725724.036174,99.530
1769725724.065530,99.540
1769725724.094628,99.550
1769725724.122624,99.530
1769725724.150639,99.530
1769725724.180375,99.530
1769725724.204372,99.540
1769725724.233372,99.530
1769725724.262166,99.540
1769725724.291180,99.540
1769725724.319011,99.530
1769725724.349390,99.530
1769725724.376926,99.530
1769725724.405614,99.530
1769725724.434043,99.540
1769725724.462885,99.530
1769725724.490873,99.520
1769725724.516876,99.530
1769725724.545000,99.530
1769725724.573843,99.530
1769725724.602000,99.540
1769725724.630975,99.530
1769725724.659429,99.530
1769725724.687430,99.540
1769725724.716438,99.540
1769725724.745465,99.540
1769725724.774114,99.540
1769725724.800111,99.530
1769725724.827115,99.540
1769725724.855665,99.530
1769725724.884583,99.520
1769725724.913006,99.530
1769725724.942111,99.530
1769725724.969892,99.530
1769725724.998891,99.540
1769725725.027872,99.530
1769725725.083720,99.530
1769725725.089725,99.530
1769725725.109720,99.530
1769725725.138386,99.520
1769725725.166736,99.540
1769725725.194904,99.530
1769725725.223627,99.530
1769725725.252434,99.520
1769725725.281610,99.540
1769725725.310413,99.530
1769725725.338992,99.530
1769725725.367020,99.540
1769725725.392122,99.540
1769725725.420958,99.530
1769725725.450241,99.530
1769725725.478552,99.520
1769725725.506554,99.530
1769725725.535653,99.530
1769725725.566415,99.530
1769725725.593428,99.520
1769725725.621426,99.530
1769725725.650528,99.540
1769725725.675090,99.530
1769725725.703601,99.540
1769725725.732600,99.530
1769725725.761441,99.530
1769725725.789452,99.530
1769725725.818743,99.540
1769725725.846667,99.540
1769725725.875448,99.530
1769725725.904434,99.530
1769725725.932428,99.530
1769725725.961553,99.540
1769725725.986554,99.530
1769725726.015458,99.540
1769725726.043667,99.520
1769725726.073377,99.530
1769725726.102376,99.520
1769725726.131382,99.520
1769725726.158242,99.520
1769725726.187227,99.530
1769725726.215227,99.530
1769725726.244380,99.530
1769725726.269134,99.540
1769725726.298141,99.540
1769725726.326140,99.530
1769725726.355141,99.530
1769725726.384968,99.530
1769725726.412658,99.530
1769725726.440663,99.530
1769725726.469522,99.530
1769725726.498528,99.530
1769725726.526541,99.530
1769725726.551679,99.540
1769725726.580816,99.530
1769725726.608725,99.530
1769725726.637817,99.530
1769725726.666485,99.530
1769725726.695496,99.530
1769725726.723478,99.540
1769725726.752566,99.530
1769725726.782332,99.530
1769725726.809342,99.530
1769725726.838344,99.540
1769725726.863690,99.540
1769725726.891733,99.540
1769725726.920979,99.530
1769725726.950120,99.520
1769725726.977767,99.540
1769725727.006366,99.530
1769725727.034205,99.530
1769725727.063233,99.520
1769725727.092315,99.520
1769725727.121245,99.540
1769725727.146311,99.520
1769725727.175204,99.530
1769725727.203168,99.520
1769725727.233145,99.540
1769725727.260699,99.530
1769725727.289968,99.520
1769725727.318240,99.520
1769725727.346649,99.540
1769725727.374939,99.530
1769725727.403920,99.530
1769725727.431350,99.530
1769725727.456344,99.540
1769725727.485703,99.530
1769725727.514257,99.540
1769725727.543128,99.540
1769725727.571332,99.530
1769725727.600336,99.530
1769725727.628943,99.530
1769725727.657225,99.530
1769725727.686574,99.530
1769725727.714712,99.520
1769725727.739680,99.530
1769725727.767681,99.530
1769725727.796868,99.530
1769725727.825919,99.530
1769725727.854034,99.530
1769725727.883028,99.530
1769725727.911656,99.530
1769725727.940647,99.540
1769725727.968525,99.530
1769725727.997868,99.530
1769725728.022578,99.520
1769725728.050683,99.530
1769725728.080751,99.530
1769725728.108794,99.530
1769725728.136996,99.530
1769725728.166546,99.530
1769725728.194795,99.540
1769725728.222856,99.540
1769725728.251951,99.530
1769725728.280592,99.540
1769725728.308709,99.530
1769725728.334577,99.530
1769725728.362770,99.530
1769725728.390406,99.530
1769725728.420334,99.530
1769725728.449451,99.530
1769725728.477244,99.530
1769725728.505297,99.530
1769725728.534616,99.530
1769725728.562618,99.540
1769725728.591416,99.540
1769725728.615992,99.540
1769725728.645057,99.530
1769725728.673802,99.530
1769725728.702795,99.530
1769725728.731781,99.520
1769725728.759889,99.530
1769725728.787877,99.530
1769725728.817827,99.530
1769725728.845830,99.530
1769725728.874666,99.520
1769725728.902719,99.530
1769725728.927675,99.530
1769725728.956707,99.550
1769725728.985379,99.530
1769725729.014376,99.530
1769725729.042678,99.540
1769725729.071328,99.530
1769725729.099345,99.530
1769725729.128341,99.530
1769725729.156778,99.530
1769725729.184685,99.520
1769725729.209464,99.530
1769725729.239131,99.530
1769725729.267434,99.530
1769725729.295909,99.540
1769725729.324655,99.530
1769725729.353824,99.540
1769725729.381600,99.530
1769725729.410706,99.530
1769725729.438939,99.530
1769725729.467463,99.530
1769725729.496682,99.540
1769725729.521419,99.530
1769725729.549546,99.540
1769725729.578307,99.540
1769725729.607145,99.530
1769725729.635663,99.530
1769725729.664861,99.530
1769725729.693807,99.540
1769725729.722536,99.530
1769725729.750227,99.520
1769725729.779134,99.530
1769725729.803976,99.540
1769725729.832825,99.540
1769725729.861324,99.540
1769725729.889696,99.540
1769725729.918992,99.530
1769725729.947871,99.520
1769725729.975893,99.520
1769725730.004822,99.520
1769725730.033073,99.520
1769725730.062247,99.520
1769725730.086647,99.530
1769725730.115714,99.540
1769725730.143861,99.540
1769725730.172579,99.530
1769725730.201533,99.530
1769725730.230588,99.530
1769725730.258725,99.530
1769725730.287584,99.530
1769725730.315573,99.540
1769725730.345027,99.530
1769725730.373045,99.530
1769725730.398705,99.530
1769725730.427065,99.530
1769725730.455137,99.530
1769725730.483756,99.520
1769725730.512816,99.520
1769725730.541283,99.530
1769725730.569902,99.520
1769725730.598483,99.530
1769725730.627144,99.530
1769725730.656216,99.520
1769725730.681765,99.520
1769725730.709723,99.520
1769725730.738732,99.530
1769725730.767491,99.520
1769725730.795830,99.520
1769725730.824826,99.520
1769725730.852921,99.520
1769725730.881944,99.530
1769725730.909946,99.520
1769725730.938920,99.530
1769725730.966993,99.520
1769725730.993023,99.530
1769725731.021047,99.530
1769725731.048984,99.530
1769725731.078790,99.530
1769725731.106808,99.530
1769725731.135396,99.530
1769725731.164421,99.520
1769725731.193027,99.520
1769725731.221027,99.520
1769725731.250240,99.520
1769725731.274966,99.520
1769725731.303952,99.530
1769725731.332483,99.520
1769725731.361518,99.520
1769725731.389394,99.530
1769725731.418410,99.530
1769725731.447549,99.520
1769725731.475528,99.530
1769725731.504080,99.530
1769725731.532207,99.520
1769725731.561568,99.520
1769725731.586144,99.540
1769725731.614629,99.530
1769725731.643604,99.530
1769725731.672196,99.530
1769725731.701191,99.530
1769725731.731214,99.530
1769725731.758232,99.530
1769725731.786724,99.530
1769725731.814724,99.530
1769725731.844320,99.530
1769725731.869407,99.530
1769725731.898358,99.540
1769725731.926390,99.530
1769725731.953526,99.530
1769725731.983660,99.530
1769725732.011693,99.530
1769725732.040851,99.540
1769725732.069126,99.540
1769725732.098555,99.540
1769725732.126552,99.530
1769725732.150809,99.530
1769725732.179257,99.520
1769725732.208696,99.530
1769725732.236696,99.530
1769725732.266543,99.530
1769725732.294699,99.520
1769725732.323593,99.520
1769725732.351559,99.520
1769725732.380658,99.540
1769725732.408791,99.530
1769725732.437718,99.530
1769725732.462907,99.520
1769725732.491628,99.530
1769725732.519652,99.530
1769725732.548642,99.530
1769725732.578132,99.530
1769725732.606161,99.530
1769725732.635293,99.530
1769725732.663437,99.530
1769725732.692268,99.520
1769725732.721234,99.530
1769725732.746237,99.520
1769725732.774272,99.520
1769725732.802373,99.520
1769725732.830705,99.520
1769725732.860356,99.530
1769725732.889435,99.520
1769725732.918043,99.520
1769725732.946070,99.530
1769725732.974808,99.520
1769725733.003777,99.530
1769725733.031792,99.510
1769725733.056762,99.530
1769725733.085434,99.520
1769725733.115416,99.520
1769725733.143436,99.530
1769725733.171205,99.520
1769725733.200059,99.530
1769725733.229119,99.520
1769725733.256347,99.520
1769725733.286465,99.530
1769725733.314459,99.530
1769725733.339623,99.520
1769725733.368238,99.530
1769725733.397396,99.530
1769725733.426417,99.530
1769725733.454695,99.530
1769725733.483188,99.520
1769725733.511304,99.520
1769725733.540180,99.530
1769725733.568744,99.520
1769725733.597621,99.520
1769725733.621747,99.520
1769725733.651201,99.530
1769725733.679778,99.510
1769725733.708173,99.510
1769725733.736771,99.520
1769725733.765798,99.520
1769725733.794399,99.530
1769725733.822441,99.520
1769725733.851663,99.520
1769725733.879644,99.540
1769725733.908914,99.520
1769725733.933758,99.510
1769725733.961590,99.530
1769725733.990113,99.520
1769725734.020164,99.530
1769725734.048140,99.530
1769725734.077070,99.520
1769725734.105520,99.530
1769725734.134512,99.530
1769725734.162571,99.530
1769725734.191275,99.520
1769725734.215219,99.530
1769725734.244318,99.540
1769725734.273595,99.530
1769725734.302269,99.530
1769725734.332729,99.530
1769725734.358902,99.530
1769725734.387781,99.530
1769725734.416893,99.530
1769725734.444971,99.530
1769725734.473875,99.530
1769725734.502836,99.530
1769725734.527910,99.520
1769725734.555918,99.520
1769725734.584615,99.530
1769725734.613658,99.520
1769725734.642638,99.530
1769725734.670423,99.520
1769725734.700459,99.520
1769725734.728426,99.530
1769725734.756984,99.520
1769725734.784647,99.520
1769725734.810648,99.530
1769725734.838653,99.520
1769725734.867937,99.530
1769725734.896693,99.530
1769725734.924846,99.520
1769725734.953252,99.530
1769725734.982006,99.520
1769725735.011012,99.520
1769725735.038974,99.520
1769725735.078507,99.520
1769725735.096591,99.520
1769725735.121543,99.510
1769725735.149941,99.520
1769725735.179301,99.520
1769725735.207596,99.530
1769725735.236236,99.530
1769725735.264385,99.520
1769725735.294204,99.530
1769725735.322145,99.510
1769725735.350709,99.530
1769725735.379106,99.530
1769725735.404151,99.530
1769725735.432095,99.540
1769725735.461300,99.530
1769725735.490056,99.520
1769725735.518052,99.520
1769725735.547068,99.530
1769725735.575943,99.530
1769725735.604901,99.530
1769725735.632942,99.520
1769725735.662165,99.530
1769725735.685840,99.530
1769725735.714890,99.530
1769725735.743896,99.530
1769725735.771957,99.530
1769725735.800680,99.530
1769725735.829725,99.520
1769725735.858762,99.530
1769725735.886597,99.540
1769725735.915740,99.530
1769725735.944736,99.530
1769725735.972881,99.540
1769725735.997623,99.530
1769725736.026693,99.520
1769725736.055681,99.530
1769725736.084565,99.520
1769725736.112592,99.540
1769725736.141562,99.530
1769725736.169583,99.530
1769725736.198334,99.530
1769725736.227321,99.530
1769725736.255162,99.530
1769725736.280213,99.520
1769725736.309510,99.530
1769725736.337513,99.530
1769725736.366663,99.520
1769725736.395252,99.530
1769725736.424153,99.520
1769725736.452100,99.530
1769725736.481528,99.530
1769725736.509761,99.530
1769725736.537994,99.530
1769725736.566695,99.530
1769725736.596730,99.530
1769725736.620079,99.540
1769725736.650175,99.530
1769725736.678013,99.520
1769725736.707030,99.530
1769725736.736014,99.530
1769725736.765104,99.520
1769725736.792701,99.520
1769725736.821038,99.530
1769725736.850034,99.530
1769725736.874162,99.530
1769725736.903842,99.530
1769725736.932833,99.530
1769725736.960270,99.520
1769725736.989218,99.530
1769725737.019190,99.520
1769725737.046206,99.530
1769725737.075322,99.540
1769725737.104377,99.530
1769725737.132365,99.540
1769725737.161396,99.530
1769725737.185261,99.530
1769725737.214643,99.520
1769725737.243504,99.530
1769725737.271635,99.520
1769725737.300315,99.530
1769725737.329335,99.520
1769725737.358260,99.520
1769725737.386739,99.530
1769725737.414786,99.530
1769725737.443526,99.530
1769725737.468186,99.530
1769725737.496278,99.520
1769725737.525979,99.530
1769725737.554101,99.530
1769725737.583820,99.540
1769725737.612443,99.520
1769725737.640460,99.530
1769725737.669985,99.520
1769725737.698369,99.530
1769725737.726395,99.540
1769725737.752401,99.530
1769725737.779145,99.530
1769725737.808824,99.520
1769725737.836829,99.530
1769725737.865958,99.530
1769725737.894717,99.530
1769725737.923745,99.520
1769725737.951954,99.520
1769725737.980442,99.530
1769725738.008960,99.530
1769725738.037955,99.530
1769725738.062949,99.530
1769725738.091644,99.530
1769725738.122010,99.520
1769725738.149037,99.530
1769725738.178118,99.530
1769725738.205774,99.530
1769725738.235088,99.520
1769725738.264087,99.520
1769725738.291730,99.530
1769725738.320635,99.530
1769725738.346340,99.530
1769725738.373456,99.520
1769725738.402241,99.530
1769725738.432314,99.530
1769725738.460065,99.530
1769725738.488794,99.530
1769725738.517957,99.530
1769725738.546011,99.540
1769725738.574251,99.530
1769725738.602686,99.530
1769725738.631012,99.530
1769725738.656227,99.530
1769725738.685008,99.530
1769725738.714221,99.520
1769725738.743289,99.530
1769725738.771564,99.530
1769725738.800185,99.530
1769725738.828471,99.530
1769725738.857470,99.530
1769725738.885421,99.530
1769725738.914443,99.530
1769725738.939063,99.530
1769725738.968225,99.530
1769725738.997109,99.530
1769725739.025114,99.530
1769725739.054071,99.530
1769725739.082952,99.530
1769725739.110986,99.530
1769725739.140129,99.540
1769725739.168250,99.530
1769725739.197052,99.530
1769725739.222018,99.530
1769725739.251011,99.520
1769725739.280206,99.530
1769725739.308110,99.530
1769725739.336988,99.530
1769725739.366036,99.530
1769725739.394622,99.530
1769725739.422504,99.530
1769725739.451649,99.530
1769725739.479987,99.540
1769725739.508192,99.530
1769725739.534063,99.530
1769725739.562043,99.530
1769725739.591079,99.540
1769725739.619090,99.530
1769725739.649096,99.520
1769725739.677007,99.530
1769725739.705633,99.540
1769725739.734640,99.530
1769725739.762690,99.530
1769725739.791276,99.530
1769725739.815749,99.540
1769725739.844505,99.540
1769725739.873519,99.530
1769725739.901816,99.530
1769725739.930259,99.530
1769725739.959241,99.540
1769725739.987787,99.530
1769725740.016772,99.530
1769725740.045222,99.530
1769725740.073730,99.530
1769725740.102284,99.520
1769725740.127373,99.530
1769725740.155384,99.530
1769725740.184888,99.530
1769725740.212887,99.520
1769725740.241855,99.530
1769725740.271086,99.530
1769725740.298706,99.520
1769725740.327837,99.530
1769725740.356823,99.520
1769725740.385393,99.530
1769725740.410172,99.530
1769725740.438615,99.530
1769725740.466558,99.530
1769725740.495596,99.530
1769725740.524558,99.540
1769725740.553252,99.530
1769725740.581838,99.530
1769725740.610117,99.530
1769725740.639013,99.520
1769725740.667617,99.530
1769725740.691806,99.530
1769725740.721843,99.530
1769725740.749843,99.530
1769725740.778921,99.530
1769725740.807584,99.540
1769725740.835677,99.530
1769725740.864520,99.520
1769725740.893079,99.530
1769725740.921688,99.530
1769725740.950626,99.540
1769725740.979248,99.530
1769725741.003483,99.530
1769725741.032604,99.530
1769725741.061168,99.530
1769725741.090101,99.540
1769725741.119076,99.530
1769725741.147106,99.520
1769725741.176241,99.530
1769725741.204970,99.530
1769725741.233055,99.530
1769725741.262005,99.530
1769725741.286784,99.520
1769725741.315947,99.530
1769725741.343958,99.530
1769725741.372046,99.540
1769725741.401829,99.530
1769725741.430683,99.530
1769725741.458954,99.530
1769725741.486630,99.520
1769725741.515674,99.520
1769725741.543788,99.520
1769725741.573029,99.530
1769725741.598157,99.520
1769725741.626402,99.520
1769725741.655020,99.530
1769725741.684502,99.530
1769725741.712978,99.520
1769725741.741976,99.530
1769725741.770133,99.520
1769725741.798781,99.520
1769725741.827346,99.530
1769725741.855800,99.530
1769725741.880664,99.530
1769725741.908894,99.520
1769725741.938032,99.520
1769725741.966405,99.520
1769725741.995016,99.520
1769725742.023293,99.520
1769725742.052215,99.520
1769725742.081625,99.520
1769725742.109821,99.520
1769725742.138661,99.530
1769725742.166671,99.530
1769725742.192131,99.520
1769725742.220809,99.530
1769725742.249825,99.520
1769725742.277964,99.520
1769725742.306379,99.530
1769725742.336268,99.530
1769725742.364269,99.530
1769725742.392726,99.530
1769725742.420956,99.530
1769725742.449742,99.530
1769725742.474338,99.520
1769725742.502415,99.530
1769725742.531541,99.520
1769725742.560611,99.530
1769725742.588820,99.520
1769725742.618100,99.520
1769725742.647102,99.520
1769725742.675271,99.520
1769725742.703968,99.510
1769725742.732975,99.510
1769725742.757154,99.520
1769725742.786472,99.520
1769725742.815129,99.520
1769725742.843195,99.530
1769725742.872105,99.530
1769725742.900892,99.530
1769725742.929012,99.530
1769725742.958161,99.520
1769725742.986215,99.530
1769725743.014971,99.520
1769725743.043144,99.530
1769725743.068147,99.530
1769725743.096681,99.530
1769725743.125683,99.530
1769725743.154210,99.530
1769725743.183322,99.520
1769725743.212002,99.520
1769725743.240771,99.530
1769725743.269990,99.530
1769725743.298419,99.520
1769725743.326247,99.520
1769725743.350885,99.520
1769725743.380954,99.520
1769725743.408642,99.520
1769725743.436962,99.520
1769725743.466510,99.530
1769725743.494400,99.520
1769725743.523359,99.520
1769725743.551513,99.520
1769725743.580721,99.530
1769725743.609419,99.520
1769725743.637373,99.520
1769725743.662438,99.530
1769725743.690642,99.520
1769725743.719301,99.530
1769725743.749264,99.530
1769725743.777322,99.520
1769725743.805844,99.540
1769725743.834115,99.520
1769725743.863168,99.530
1769725743.891981,99.520
1769725743.919921,99.530
1769725743.944988,99.520
1769725743.973747,99.530
1769725744.003303,99.530
1769725744.031348,99.530
1769725744.059260,99.530
1769725744.088398,99.530
1769725744.117720,99.530
1769725744.145668,99.520
1769725744.174671,99.530
1769725744.202466,99.520
1769725744.231585,99.520
1769725744.256548,99.520
1769725744.285302,99.520
1769725744.314022,99.520
1769725744.343039,99.520
1769725744.370981,99.530
1769725744.400850,99.530
1769725744.428892,99.530
1769725744.457168,99.530
1769725744.486146,99.530
1769725744.514367,99.530
1769725744.538815,99.530
1769725744.567719,99.530
1769725744.596871,99.520
1769725744.624966,99.530
1769725744.653875,99.520
1769725744.684037,99.530
1769725744.711305,99.530
1769725744.740277,99.530
1769725744.768395,99.530
1769725744.796532,99.530
1769725744.824970,99.520
1769725744.849782,99.520
1769725744.879029,99.530
1769725744.907352,99.520
1769725744.936349,99.520
1769725744.964836,99.530
1769725744.993602,99.530
1769725745.022789,99.510
1769725745.050852,99.540
1769725745.092865,99.530
1769725745.107900,99.530
1769725745.132865,99.530
1769725745.161293,99.530
1769725745.190496,99.520
1769725745.218930,99.530
1769725745.248513,99.530
1769725745.276468,99.520
1769725745.305377,99.530
1769725745.333355,99.520
1769725745.361954,99.530
1769725745.390443,99.530
1769725745.418943,99.530
1769725745.444227,99.530
1769725745.473216,99.530
1769725745.501850,99.530
1769725745.530859,99.540
1769725745.558851,99.530
1769725745.587568,99.530
1769725745.617073,99.530
1769725745.645073,99.540
1769725745.674061,99.540
1769725745.701633,99.530
1769725745.727794,99.520
1769725745.755734,99.520
1769725745.783843,99.520
1769725745.812580,99.520
1769725745.841612,99.540
1769725745.870619,99.530
1769725745.899562,99.530
1769725745.927523,99.530
1769725745.956490,99.530
1769725745.984520,99.530
1769725746.010273,99.530
1769725746.038229,99.520
1769725746.066772,99.530
1769725746.095706,99.520
1769725746.125014,99.540
1769725746.152766,99.530
1769725746.181786,99.540
1769725746.210764,99.530
1769725746.238751,99.530
1769725746.267266,99.540
1769725746.296365,99.530
1769725746.321166,99.530
1769725746.349956,99.530
1769725746.379328,99.530
1769725746.407643,99.530
1769725746.435700,99.540
1769725746.465135,99.540
1769725746.492923,99.530
1769725746.521541,99.520
1769725746.549637,99.540
1769725746.578815,99.530
1769725746.603561,99.530
1769725746.632807,99.530
1769725746.659952,99.540
1769725746.689235,99.540
1769725746.718896,99.540
1769725746.747262,99.530
1769725746.776215,99.540
1769725746.804146,99.540
1769725746.834157,99.540
1769725746.862102,99.520
1769725746.890463,99.540
1769725746.915107,99.530
1769725746.943560,99.530
1769725746.972396,99.540
1769725747.001896,99.530
1769725747.030168,99.540
1769725747.058438,99.520
1769725747.086680,99.530
1769725747.116187,99.520
1769725747.144426,99.530
1769725747.173020,99.520
1769725747.197950,99.520
1769725747.226110,99.520
1769725747.255190,99.530
1769725747.283251,99.520
1769725747.312373,99.520
1769725747.340904,99.520
1769725747.370013,99.530
1769725747.398528,99.520
1769725747.427401,99.520
1769725747.455793,99.530
1769725747.484034,99.520
1769725747.508298,99.540
1769725747.537225,99.540
1769725747.566273,99.540
1769725747.595047,99.540
1769725747.623163,99.530
1769725747.652849,99.530
1769725747.681072,99.530
1769725747.709430,99.530
1769725747.738608,99.530
1769725747.766643,99.530
1769725747.791810,99.530
1769725747.819562,99.530
1769725747.849623,99.530
1769725747.878061,99.530
1769725747.906864,99.520
1769725747.934989,99.530
1769725747.963975,99.540
1769725747.992095,99.530
1769725748.020874,99.530
1769725748.048895,99.520
1769725748.074902,99.540
1769725748.102607,99.540
1769725748.131775,99.530
1769725748.160924,99.520
1769725748.189420,99.530
1769725748.218164,99.540
1769725748.246207,99.520
1769725748.275185,99.520
1769725748.303540,99.530
1769725748.332709,99.540
1769725748.360689,99.530
1769725748.386606,99.530
1769725748.414617,99.530
1769725748.443671,99.530
1769725748.471958,99.530
1769725748.500015,99.530
1769725748.529264,99.540
1769725748.557090,99.530
1769725748.586609,99.540
1769725748.615394,99.530
1769725748.643553,99.540
1769725748.669162,99.530
1769725748.696897,99.530
1769725748.724992,99.540
1769725748.754338,99.530
1769725748.784350,99.530
1769725748.811969,99.530
1769725748.840807,99.530
1769725748.869129,99.530
1769725748.897228,99.530
1769725748.926265,99.530
1769725748.954525,99.540
1769725748.979595,99.540
1769725749.007674,99.530
1769725749.036962,99.530
1769725749.065471,99.530
1769725749.094216,99.530
1769725749.122759,99.550
1769725749.151942,99.540
1769725749.180279,99.540
1769725749.208818,99.530
1769725749.237622,99.530
1769725749.262402,99.540
1769725749.290684,99.540
1769725749.319825,99.530
1769725749.347990,99.530
1769725749.376806,99.520
1769725749.405896,99.530
1769725749.434580,99.540
1769725749.462390,99.540
1769725749.490997,99.520
1769725749.519642,99.530
1769725749.544994,99.540
1769725749.573398,99.530
1769725749.602329,99.530
1769725749.630767,99.540
1769725749.659815,99.530
1769725749.688004,99.530
1769725749.717635,99.540
1769725749.745676,99.530
1769725749.774079,99.530
1769725749.802393,99.520
1769725749.831358,99.520
1769725749.856425,99.530
1769725749.884623,99.540
1769725749.914342,99.540
1769725749.941672,99.530
1769725749.971319,99.530
1769725749.999056,99.530
1769725750.027920,99.530
1769725750.056945,99.530
1769725750.084921,99.530
1769725750.113809,99.530
1769725750.138796,99.530
1769725750.167821,99.530
1769725750.196758,99.520
1769725750.224842,99.530
1769725750.253835,99.530
1769725750.281786,99.530
1769725750.311578,99.530
1769725750.340041,99.530
1769725750.368070,99.530
1769725750.397023,99.530
1769725750.425689,99.520
1769725750.451543,99.520
1769725750.478885,99.530
1769725750.507895,99.520
1769725750.536138,99.530
1769725750.564820,99.530
1769725750.593430,99.520
1769725750.621526,99.540
1769725750.650825,99.520
1769725750.680082,99.530
1769725750.708297,99.530
1769725750.733716,99.530
1769725750.762032,99.530
1769725750.790172,99.520
1769725750.818736,99.520
1769725750.847842,99.530
1769725750.876329,99.530
1769725750.904799,99.520
1769725750.934001,99.520
1769725750.962260,99.530
1769725750.991273,99.520
1769725751.015470,99.530
1769725751.043607,99.530
1769725751.072994,99.540
1769725751.101115,99.520
1769725751.129929,99.530
1769725751.158904,99.530
1769725751.187953,99.530
1769725751.215727,99.520
1769725751.244854,99.520
1769725751.273438,99.530
1769725751.301569,99.540
1769725751.326236,99.530
1769725751.355343,99.540
1769725751.384343,99.540
1769725751.413350,99.530
1769725751.441412,99.530
1769725751.470754,99.530
1769725751.498896,99.530
1769725751.527259,99.530
1769725751.556280,99.540
1769725751.585136,99.530
1769725751.609750,99.540
1769725751.638616,99.540
1769725751.667993,99.530
1769725751.695993,99.530
1769725751.724833,99.520
1769725751.753846,99.530
1769725751.781836,99.520
1769725751.809954,99.530
1769725751.838680,99.520
1769725751.867692,99.530
1769725751.895682,99.530
1769725751.921398,99.530
1769725751.950399,99.520
1769725751.978396,99.520
1769725752.007509,99.530
1769725752.036618,99.520
1769725752.064606,99.530
1769725752.092872,99.520
1769725752.121246,99.520
1769725752.150280,99.520
1769725752.178375,99.520
1769725752.203994,99.530
1769725752.231517,99.530
1769725752.260660,99.520
1769725752.289085,99.530
1769725752.317788,99.530
1769725752.347374,99.530
1769725752.376011,99.520
1769725752.404752,99.530
1769725752.432484,99.530
1769725752.461492,99.530
1769725752.486487,99.530
1769725752.515306,99.520
1769725752.543304,99.530
1769725752.572295,99.520
1769725752.601414,99.530
1769725752.629702,99.530
1769725752.658646,99.530
1769725752.687065,99.530
1769725752.716033,99.530
1769725752.744033,99.530
1769725752.773265,99.520
1769725752.797911,99.540
1769725752.826558,99.520
1769725752.855064,99.520
1769725752.884061,99.530
1769725752.912568,99.520
1769725752.941783,99.530
1769725752.970112,99.530
1769725752.998279,99.530
1769725753.027318,99.530
1769725753.055278,99.520
1769725753.080356,99.530
1769725753.109193,99.530
1769725753.137845,99.530
1769725753.166233,99.530
1769725753.195114,99.540
1769725753.224210,99.530
1769725753.253187,99.520
1769725753.281296,99.530
1769725753.309490,99.520
1769725753.338194,99.530
1769725753.366851,99.520
1769725753.391732,99.520
1769725753.421571,99.530
1769725753.448847,99.520
1769725753.477197,99.530
1769725753.506196,99.530
1769725753.536299,99.520
1769725753.563517,99.520
1769725753.592451,99.520
1769725753.620224,99.530
1769725753.649370,99.530
1769725753.674470,99.530
1769725753.702817,99.530
1769725753.731613,99.530
1769725753.759909,99.530
1769725753.788881,99.520
1769725753.817517,99.540
1769725753.846562,99.530
1769725753.874647,99.520
1769725753.903606,99.530
1769725753.932250,99.530
1769725753.960663,99.530
1769725753.986525,99.520
1769725754.014597,99.530
1769725754.043302,99.530
1769725754.071278,99.520
1769725754.101292,99.530
1769725754.129142,99.530
1769725754.157096,99.530
1769725754.186124,99.530
1769725754.215217,99.530
1769725754.242995,99.530
1769725754.266563,99.530
1769725754.296427,99.520
1769725754.325002,99.540
1769725754.353798,99.530
1769725754.382446,99.530
1769725754.411024,99.530
1769725754.440250,99.520
1769725754.469350,99.540
1769725754.497265,99.520
1769725754.526252,99.530
1769725754.554260,99.520
1769725754.580038,99.520
1769725754.607709,99.520
1769725754.637458,99.520
1769725754.665487,99.520
1769725754.694457,99.520
1769725754.722337,99.530
1769725754.752393,99.520
1769725754.780407,99.530
1769725754.808519,99.530
1769725754.837305,99.530
1769725754.862283,99.520
1769725754.890287,99.520
1769725754.919450,99.520
1769725754.948258,99.530
1769725754.977195,99.530
1769725755.005581,99.520
1769725755.033337,99.540
1769725755.062383,99.530
1769725755.091333,99.520
1769725755.120093,99.530
1769725755.144350,99.530
1769725755.172909,99.530
1769725755.201917,99.530
1769725755.230674,99.530
1769725755.260074,99.520
1769725755.289017,99.530
1769725755.317444,99.530
1769725755.345978,99.520
1769725755.374443,99.520
1769725755.402554,99.530
1769725755.431368,99.520
1769725755.455776,99.520
1769725755.485270,99.520
1769725755.513069,99.520
1769725755.542647,99.530
1769725755.570650,99.530
1769725755.599597,99.520
1769725755.628625,99.520
1769725755.656556,99.520
1769725755.685984,99.530
1769725755.714099,99.530
1769725755.739595,99.530
1769725755.768609,99.530
1769725755.795945,99.530
1769725755.824326,99.530
1769725755.853327,99.530
1769725755.882367,99.530
1769725755.910749,99.530
1769725755.939190,99.530
1769725755.968494,99.530
1769725755.996907,99.540
1769725756.025473,99.530
1769725756.050465,99.530
1769725756.078399,99.530
1769725756.106926,99.530
1769725756.136515,99.530
1769725756.164754,99.520
1769725756.193723,99.520
1769725756.222337,99.520
1769725756.251391,99.520
1769725756.279444,99.520
1769725756.307847,99.510
1769725756.332591,99.520
1769725756.361499,99.530
1769725756.389952,99.520
1769725756.419249,99.520
1769725756.447012,99.520
1769725756.475291,99.530
1769725756.504495,99.540
1769725756.533266,99.530
1769725756.561953,99.530
1769725756.590572,99.520
1769725756.619589,99.530
1769725756.643804,99.520
1769725756.672793,99.520
1769725756.702506,99.530
1769725756.730360,99.520
1769725756.758730,99.530
1769725756.787825,99.530
1769725756.816835,99.520
1769725756.845290,99.520
1769725756.873421,99.530
1769725756.902345,99.530
1769725756.926894,99.520
1769725756.955865,99.530
1769725756.983687,99.530
1769725757.013456,99.530
1769725757.042687,99.530
1769725757.070181,99.530
1769725757.098608,99.520
1769725757.127153,99.520
1769725757.156514,99.530
1769725757.184867,99.530
1769725757.213118,99.530
1769725757.237772,99.530
1769725757.266833,99.530
1769725757.295772,99.530
1769725757.323820,99.520
1769725757.353685,99.530
1769725757.381746,99.520
1769725757.410159,99.520
1769725757.439370,99.540
1769725757.467741,99.520
1769725757.495811,99.520
1769725757.519990,99.530
1769725757.549323,99.510
1769725757.577855,99.520
1769725757.606860,99.520
1769725757.636570,99.530
1769725757.663952,99.520
1769725757.693199,99.530
1769725757.721218,99.520
1769725757.749886,99.530
1769725757.778425,99.530
1769725757.802943,99.530
1769725757.831590,99.510
1769725757.860602,99.520
1769725757.889595,99.520
1769725757.919165,99.530
1769725757.947414,99.530
1769725757.975676,99.520
1769725758.004613,99.520
1769725758.033333,99.520
1769725758.061438,99.530
1769725758.089378,99.520
1769725758.114374,99.530
1769725758.143585,99.530
1769725758.172582,99.510
1769725758.201729,99.530
1769725758.229691,99.520
1769725758.257780,99.530
1769725758.286701,99.520
1769725758.315877,99.520
1769725758.344556,99.520
1769725758.372308,99.520
1769725758.397119,99.530
1769725758.425368,99.530
1769725758.454305,99.520
1769725758.483580,99.510
1769725758.511845,99.530
1769725758.540836,99.520
1769725758.568841,99.520
1769725758.598211,99.520
1769725758.626809,99.510
1769725758.655253,99.510
1769725758.684254,99.510
1769725758.707937,99.510
1769725758.737165,99.520
1769725758.765954,99.530
1769725758.794792,99.520
1769725758.823112,99.520
1769725758.852047,99.520
1769725758.880284,99.520
1769725758.909736,99.520
1769725758.937389,99.530
1769725758.966426,99.520
1769725758.991382,99.520
1769725759.019540,99.530
1769725759.048287,99.530
1769725759.077274,99.520
1769725759.106241,99.530
1769725759.135200,99.510
1769725759.163189,99.520
1769725759.192106,99.520
1769725759.220293,99.510
1769725759.249027,99.520
1769725759.278071,99.540
1769725759.302078,99.520
1769725759.331316,99.530
1769725759.359433,99.530
1769725759.388429,99.520
1769725759.417623,99.520
1769725759.446143,99.520
1769725759.474688,99.520
1769725759.503453,99.530
1769725759.532040,99.530
1769725759.560805,99.530
1769725759.585054,99.530
1769725759.614059,99.530
1769725759.642307,99.520
1769725759.671571,99.520
1769725759.699766,99.520
1769725759.729231,99.520
1769725759.757502,99.530
1769725759.786596,99.520
1769725759.814620,99.510
1769725759.843138,99.510
1769725759.867619,99.510
1769725759.895999,99.510
1769725759.931699,99.510
1769725759.954369,99.520
1769725759.982298,99.520
1769725760.011492,99.520
1769725760.039922,99.520
1769725760.068013,99.530
1769725760.096695,99.530
1769725760.125460,99.520
1769725760.153722,99.520
1769725760.179167,99.520
1769725760.208165,99.520
1769725760.236937,99.520
1769725760.264798,99.520
1769725760.293934,99.530
1769725760.323027,99.520
1769725760.351823,99.530
1769725760.379900,99.520
1769725760.408262,99.520
1769725760.437194,99.520
1769725760.462238,99.520
1769725760.491135,99.520
1769725760.519962,99.530
1769725760.547381,99.520
1769725760.576386,99.520
1769725760.605488,99.520
1769725760.634335,99.520
1769725760.662574,99.530
1769725760.690846,99.530
1769725760.720119,99.520
1769725760.748430,99.520
1769725760.773458,99.530
1769725760.802438,99.520
1769725760.831084,99.510
1769725760.859521,99.520
1769725760.889142,99.510
1769725760.917306,99.520
1769725760.944624,99.510
1769725760.973935,99.510
1769725761.002182,99.510
1769725761.030871,99.510
1769725761.055626,99.510
1769725761.084429,99.510
1769725761.113586,99.500
1769725761.142195,99.510
1769725761.170618,99.510
1769725761.199437,99.510
1769725761.229096,99.510
1769725761.256056,99.530
1769725761.286099,99.510
1769725761.314108,99.500
1769725761.342791,99.520
1769725761.366887,99.510
1769725761.396319,99.510
1769725761.424652,99.500
1769725761.453788,99.520
1769725761.481930,99.520
1769725761.510850,99.520
1769725761.539169,99.520
1769725761.567986,99.520
1769725761.596133,99.520
1769725761.625232,99.510
1769725761.650134,99.510
1769725761.678109,99.520
1769725761.707013,99.520
1769725761.735883,99.510
1769725761.764546,99.510
1769725761.793380,99.510
1769725761.821388,99.510
1769725761.850006,99.510
1769725761.878673,99.520
1769725761.907545,99.520
1769725761.932931,99.530
1769725761.961001,99.520
1769725761.990319,99.520
1769725762.018670,99.520
1769725762.047302,99.520
1769725762.076337,99.520
1769725762.104387,99.520
1769725762.133168,99.520
1769725762.161184,99.520
1769725762.190154,99.520
1769725762.219256,99.530
1769725762.244128,99.510
1769725762.272161,99.530
1769725762.301136,99.510
1769725762.329746,99.510
1769725762.357904,99.520
1769725762.387063,99.520
1769725762.414903,99.520
1769725762.443852,99.530
1769725762.472862,99.520
1769725762.501881,99.520
1769725762.526120,99.530
1769725762.554692,99.520
1769725762.583633,99.520
1769725762.612752,99.520
1769725762.641608,99.520
1769725762.670396,99.520
1769725762.698395,99.530
1769725762.727413,99.520
1769725762.756109,99.520
1769725762.784760,99.520
1769725762.813556,99.520
1769725762.837409,99.520
1769725762.866393,99.520
1769725762.895388,99.530
1769725762.923724,99.520
1769725762.952549,99.520
1769725762.980963,99.520
1769725763.009898,99.520
1769725763.038685,99.520
1769725763.067294,99.510
1769725763.096232,99.510
1769725763.120182,99.520
1769725763.149410,99.530
1769725763.178187,99.520
1769725763.206560,99.520
1769725763.234598,99.530
1769725763.264010,99.520
1769725763.292506,99.530
1769725763.321454,99.520
1769725763.350339,99.530
1769725763.378677,99.530
1769725763.403658,99.520
1769725763.431444,99.520
1769725763.460194,99.520
1769725763.489457,99.520
1769725763.517988,99.520
1769725763.546747,99.510
1769725763.574841,99.510
1769725763.603963,99.510
1769725763.633108,99.520
1769725763.661208,99.520
1769725763.689867,99.520
1769725763.714387,99.510
1769725763.743361,99.520
1769725763.771575,99.530
1769725763.800644,99.520
1769725763.828912,99.510
1769725763.857874,99.520
1769725763.886889,99.530
1769725763.914836,99.530
1769725763.943892,99.510
1769725763.972904,99.520
1769725763.997045,99.520
1769725764.025609,99.520
1769725764.055268,99.520
1769725764.084206,99.520
1769725764.112211,99.520
1769725764.140733,99.510
1769725764.171028,99.520
1769725764.198140,99.520
1769725764.226699,99.510
1769725764.255317,99.530
1769725764.283449,99.510
1769725764.307806,99.510
1769725764.337556,99.510
1769725764.366560,99.530
1769725764.395002,99.520
1769725764.423194,99.520
1769725764.452630,99.530
1769725764.480599,99.520
1769725764.509448,99.520
1769725764.537668,99.520
1769725764.566739,99.520
1769725764.591714,99.520
1769725764.620682,99.510
1769725764.649214,99.520
1769725764.677071,99.520
1769725764.706063,99.510
1769725764.734865,99.520
1769725764.763403,99.510
1769725764.791457,99.520
1769725764.820411,99.510
1769725764.849193,99.510
1769725764.874114,99.510
1769725764.902078,99.510
1769725764.936617,99.510
1769725764.960135,99.530
1769725764.988367,99.520
1769725765.017783,99.510
1769725765.045455,99.520
1769725765.074177,99.520
1769725765.103137,99.520
1769725765.131169,99.530
1769725765.160719,99.520
1769725765.184854,99.520
1769725765.214340,99.530
1769725765.243035,99.520
1769725765.270993,99.520
1769725765.299728,99.520
1769725765.329145,99.520
1769725765.357729,99.530
1769725765.386694,99.530
1769725765.414756,99.530
1769725765.442483,99.530
1769725765.467484,99.520
1769725765.496483,99.530
1769725765.525093,99.510
1769725765.554250,99.520
1769725765.582526,99.530
1769725765.611355,99.520
1769725765.640082,99.530
1769725765.668629,99.520
1769725765.696619,99.540
1769725765.725735,99.520
1769725765.754598,99.520
1769725765.779490,99.520
1769725765.807154,99.520
1769725765.835716,99.530
1769725765.865307,99.520
1769725765.894250,99.530
1769725765.923273,99.520
1769725765.950953,99.520
1769725765.979760,99.520
1769725766.008305,99.520
1769725766.037212,99.520
1769725766.061827,99.520
1769725766.090132,99.520
1769725766.119027,99.520
1769725766.147802,99.520
1769725766.176268,99.530
1769725766.206284,99.520
1769725766.234296,99.530
1769725766.262655,99.520
1769725766.291589,99.530
1769725766.318902,99.510
1769725766.348352,99.520
1769725766.373263,99.520
1769725766.401645,99.510
1769725766.430624,99.520
1769725766.459231,99.520
1769725766.488175,99.520
1769725766.517130,99.520
1769725766.544989,99.530
1769725766.573825,99.530
1769725766.602282,99.520
1769725766.630907,99.520
1769725766.655476,99.530
1769725766.684513,99.530
1769725766.713449,99.520
1769725766.742078,99.520
1769725766.773028,99.520
1769725766.800085,99.520
1769725766.828447,99.520
1769725766.856538,99.520
1769725766.884845,99.530
1769725766.913398,99.520
1769725766.938864,99.520
1769725766.966916,99.530
1769725766.996423,99.520
1769725767.024659,99.530
1769725767.055615,99.530
1769725767.082144,99.530
1769725767.110233,99.530
1769725767.139011,99.520
1769725767.168101,99.530
1769725767.196506,99.520
1769725767.225118,99.520
1769725767.250230,99.530
1769725767.279228,99.520
1769725767.307415,99.520
1769725767.336444,99.530
1769725767.364518,99.520
1769725767.393538,99.530
1769725767.422032,99.530
1769725767.451152,99.520
1769725767.478794,99.530
1769725767.507536,99.530
1769725767.532478,99.530
1769725767.561092,99.520
1769725767.590042,99.510
1769725767.619523,99.520
1769725767.648173,99.520
1769725767.676173,99.520
1769725767.704916,99.520
1769725767.733225,99.510
1769725767.760970,99.520
1769725767.790187,99.530
1769725767.819176,99.520
1769725767.843402,99.510
1769725767.871551,99.530
1769725767.900882,99.520
1769725767.929082,99.530
1769725767.958195,99.520
1769725767.988300,99.530
1769725768.016330,99.520
1769725768.044840,99.520
1769725768.072979,99.520
1769725768.101975,99.530
1769725768.127076,99.530
1769725768.154752,99.530
1769725768.183818,99.520
1769725768.213248,99.520
1769725768.240890,99.520
1769725768.270365,99.520
1769725768.299429,99.520
1769725768.327722,99.520
1769725768.356256,99.530
1769725768.384428,99.520
1769725768.413390,99.530
1769725768.438244,99.520
1769725768.467335,99.530
1769725768.495328,99.520
1769725768.523520,99.520
1769725768.553298,99.520
1769725768.581342,99.520
1769725768.610326,99.530
1769725768.639876,99.510
1769725768.667037,99.520
1769725768.695935,99.520
1769725768.722118,99.520
1769725768.749737,99.540
1769725768.777749,99.520
1769725768.807732,99.520
1769725768.835848,99.530
1769725768.864388,99.530
1769725768.892718,99.530
1769725768.920794,99.520
1769725768.950205,99.530
1769725768.978331,99.530
1769725769.007607,99.520
1769725769.032780,99.530
1769725769.060744,99.520
1769725769.089701,99.510
1769725769.118739,99.520
1769725769.145921,99.520
1769725769.175145,99.530
1769725769.204170,99.520
1769725769.232451,99.530
1769725769.261465,99.520
1769725769.288426,99.520
1769725769.314006,99.520
1769725769.343798,99.520
1769725769.371987,99.530
1769725769.401027,99.530
1769725769.429432,99.520
1769725769.457152,99.530
1769725769.486630,99.520
1769725769.515102,99.530
1769725769.542996,99.530
1769725769.572129,99.520
1769725769.601166,99.520
1769725769.626135,99.520
1769725769.654717,99.520
1769725769.684005,99.520
1769725769.712061,99.510
1769725769.741070,99.510
1769725769.769515,99.520
1769725769.797744,99.520
1769725769.826535,99.530
1769725769.854707,99.520
1769725769.883698,99.520
1769725769.908687,99.520
1769725769.936420,99.530
1769725769.965337,99.520
1769725769.994433,99.510
1769725770.022856,99.520
1769725770.050965,99.530
1769725770.080360,99.520
1769725770.108524,99.520
1769725770.137494,99.530
1769725770.165788,99.530
1769725770.190783,99.520
1769725770.219779,99.520
1769725770.248671,99.510
1769725770.276639,99.520
1769725770.305635,99.520
1769725770.334796,99.520
1769725770.363605,99.520
1769725770.392536,99.520
1769725770.421157,99.540
1769725770.448820,99.530
1769725770.477457,99.530
1769725770.502435,99.520
1769725770.531507,99.520
1769725770.559342,99.530
1769725770.588374,99.540
1769725770.617308,99.520
1769725770.645477,99.520
1769725770.674603,99.530
1769725770.703625,99.520
1769725770.731675,99.530
1769725770.759882,99.520
1769725770.785395,99.520
1769725770.813227,99.530
1769725770.841705,99.520
1769725770.870778,99.520
1769725770.899841,99.520
1769725770.928726,99.510
1769725770.957252,99.510
1769725770.985958,99.520
1769725771.013939,99.510
1769725771.043167,99.520
1769725771.071599,99.530
1769725771.096645,99.510
1769725771.124806,99.530
1769725771.153837,99.520
1769725771.182504,99.520
1769725771.211505,99.520
1769725771.239752,99.520
1769725771.268057,99.520
1769725771.297071,99.520
1769725771.325467,99.520
1769725771.354362,99.530
1769725771.379402,99.520
1769725771.408360,99.530
1769725771.436557,99.520
1769725771.465591,99.510
1769725771.493740,99.500
1769725771.522636,99.520
1769725771.551003,99.520
1769725771.580063,99.520
1769725771.608423,99.530
1769725771.637572,99.520
1769725771.662036,99.520
1769725771.691043,99.520
1769725771.719224,99.520
1769725771.747877,99.520
1769725771.776322,99.520
1769725771.805849,99.530
1769725771.834349,99.530
1769725771.862852,99.520
1769725771.890533,99.520
1769725771.919580,99.520
1769725771.948482,99.520
1769725771.972814,99.520
1769725772.001997,99.520
1769725772.029747,99.530
1769725772.059177,99.520
1769725772.087248,99.530
1769725772.116297,99.520
1769725772.144562,99.520
1769725772.173393,99.530
1769725772.201488,99.530
1769725772.230412,99.520
1769725772.255359,99.530
1769725772.284321,99.520
1769725772.312712,99.530
1769725772.341868,99.530
1769725772.371123,99.520
1769725772.399053,99.520
1769725772.428047,99.520
1769725772.456014,99.520
1769725772.485098,99.520
1769725772.513684,99.530
1769725772.541784,99.520
1769725772.566555,99.520
1769725772.595596,99.530
1769725772.623731,99.520
1769725772.654868,99.520
1769725772.681848,99.520
1769725772.710843,99.520
1769725772.738952,99.520
1769725772.767700,99.520
1769725772.796678,99.530
1769725772.824554,99.530
1769725772.849594,99.530
1769725772.878593,99.500
1769725772.907579,99.530
1769725772.935771,99.530
1769725772.964603,99.530
1769725772.992502,99.520
1769725773.022595,99.530
1769725773.050841,99.530
1769725773.078261,99.530
1769725773.107380,99.530
1769725773.135858,99.530
1769725773.160283,99.520
1769725773.189596,99.520
1769725773.218646,99.530
1769725773.246717,99.530
1769725773.275313,99.530
1769725773.304849,99.530
1769725773.332980,99.520
1769725773.361675,99.510
1769725773.390632,99.520
1769725773.418849,99.520
1769725773.443246,99.520
1769725773.472927,99.530
1769725773.500581,99.520
1769725773.529655,99.520
1769725773.557746,99.520
1769725773.587025,99.530
1769725773.615994,99.520
1769725773.644248,99.520
1769725773.673452,99.510
1769725773.701574,99.520
1769725773.726588,99.520
1769725773.755723,99.520
1769725773.783196,99.520
1769725773.812642,99.520
1769725773.841522,99.520
1769725773.869347,99.520
1769725773.898299,99.530
1769725773.927027,99.520
1769725773.955768,99.520
1769725773.984842,99.510
1769725774.012785,99.510
1769725774.037930,99.520
1769725774.066617,99.520
1769725774.094625,99.520
1769725774.123635,99.530
1769725774.152486,99.530
1769725774.181663,99.520
1769725774.209617,99.510
1769725774.238719,99.520
1769725774.266543,99.500
1769725774.295466,99.520
1769725774.319518,99.500
1769725774.349681,99.520
1769725774.377531,99.530
1769725774.406282,99.520
1769725774.435269,99.530
1769725774.463254,99.540
1769725774.492105,99.530
1769725774.520794,99.520
1769725774.549950,99.520
1769725774.578667,99.520
1769725774.606755,99.520
1769725774.631155,99.520
1769725774.660194,99.530
1769725774.689210,99.520
1769725774.718213,99.520
1769725774.746915,99.530
1769725774.775305,99.530
1769725774.803832,99.520
1769725774.832836,99.510
1769725774.860722,99.510
1769725774.889162,99.510
1769725774.914156,99.520
1769725774.942569,99.520
1769725774.972117,99.510
1769725775.000104,99.510
1769725775.029128,99.530
1769725775.058060,99.530
1769725775.086188,99.530
1769725775.115054,99.520
1769725775.143688,99.530
1769725775.171814,99.530
1769725775.200913,99.520
1769725775.225928,99.540
1769725775.254036,99.530
1769725775.283646,99.530
1769725775.311098,99.510
1769725775.340104,99.530
1769725775.369853,99.530
1769725775.397396,99.520
1769725775.426327,99.540
1769725775.454670,99.510
1769725775.483379,99.520
1769725775.508269,99.530
1769725775.536561,99.520
1769725775.565560,99.520
1769725775.594651,99.520
1769725775.623728,99.520
1769725775.651724,99.530
1769725775.680347,99.530
1769725775.709361,99.530
1769725775.738355,99.530
1769725775.766339,99.530
1769725775.791286,99.520
1769725775.819519,99.520
1769725775.848571,99.530
1769725775.876298,99.530
1769725775.906247,99.520
1769725775.933167,99.530
1769725775.962751,99.520
1769725775.991540,99.530
1769725776.020006,99.520
1769725776.048417,99.530
1769725776.077159,99.520
1769725776.102131,99.520
1769725776.130198,99.520
1769725776.159619,99.520
1769725776.188629,99.530
1769725776.217020,99.520
1769725776.245586,99.530
1769725776.274357,99.530
1769725776.302888,99.520
1769725776.331383,99.520
1769725776.359393,99.520
1769725776.384423,99.530
1769725776.413106,99.520
1769725776.442078,99.520
1769725776.471072,99.520
1769725776.499426,99.530
1769725776.527655,99.530
1769725776.557155,99.520
1769725776.585262,99.520
1769725776.614473,99.520
1769725776.642244,99.530
1769725776.670746,99.530
1769725776.695494,99.530
1769725776.724980,99.530
1769725776.753464,99.520
1769725776.782237,99.500
1769725776.810980,99.530
1769725776.839205,99.530
1769725776.867879,99.530
1769725776.896915,99.520
1769725776.925021,99.530
1769725776.954175,99.530
1769725776.978765,99.530
1769725777.007718,99.530
1769725777.035796,99.520
1769725777.064718,99.520
1769725777.093685,99.520
1769725777.121994,99.530
1769725777.150201,99.520
1769725777.179565,99.530
1769725777.207968,99.520
1769725777.236780,99.520
1769725777.261456,99.530
1769725777.290477,99.520
1769725777.318162,99.520
1769725777.347497,99.530
1769725777.375380,99.530
1769725777.404893,99.530
1769725777.433284,99.520
1769725777.461416,99.530
1769725777.490557,99.530
1769725777.518613,99.530
1769725777.547844,99.530
1769725777.572631,99.520
1769725777.600593,99.530
1769725777.629662,99.530
1769725777.658743,99.520
1769725777.687496,99.530
1769725777.715506,99.530
1769725777.744372,99.510
1769725777.773424,99.510
1769725777.802120,99.520
1769725777.830145,99.510
1769725777.855274,99.530
1769725777.883971,99.520
1769725777.912273,99.520
1769725777.941288,99.510
1769725777.970036,99.510
1769725777.999168,99.520
1769725778.027173,99.520
1769725778.056278,99.520
1769725778.084547,99.520
1769725778.113185,99.530
1769725778.142089,99.520
1769725778.166049,99.530
1769725778.194957,99.520
1769725778.224046,99.520
1769725778.252169,99.520
1769725778.280986,99.530
1769725778.309911,99.530
1769725778.338949,99.530
1769725778.367150,99.530
1769725778.395811,99.530
1769725778.424715,99.540
1769725778.448876,99.510
1769725778.477476,99.520
1769725778.506605,99.530
1769725778.535468,99.520
1769725778.564181,99.520
1769725778.592076,99.530
1769725778.621584,99.520
1769725778.649653,99.530
1769725778.678484,99.530
1769725778.707452,99.530
1769725778.735474,99.530
1769725778.760656,99.520
1769725778.789931,99.520
1769725778.817439,99.520
1769725778.846268,99.530
1769725778.875550,99.520
1769725778.904525,99.510
1769725778.932755,99.520
1769725778.961517,99.520
1769725778.989748,99.520
1769725779.018087,99.520
1769725779.042945,99.530
1769725779.071844,99.530
1769725779.100189,99.530
1769725779.128926,99.520
1769725779.157997,99.520
1769725779.186498,99.530
1769725779.215438,99.510
1769725779.243946,99.510
1769725779.272325,99.520
1769725779.300708,99.510
1769725779.324972,99.520
1769725779.354604,99.510
1769725779.383563,99.520
1769725779.411492,99.510
1769725779.440506,99.510
1769725779.469410,99.500
1769725779.497829,99.500
1769725779.526508,99.510
1769725779.554634,99.520
1769725779.583621,99.520
1769725779.612086,99.530
1769725779.636905,99.520
1769725779.665657,99.530
1769725779.694654,99.530
1769725779.722924,99.520
1769725779.752025,99.520
1769725779.780398,99.530
1769725779.809390,99.510
1769725779.837398,99.530
1769725779.865966,99.530
1769725779.895312,99.520
1769725779.919547,99.530
1769725779.948912,99.530
1769725779.976583,99.530
1769725780.005625,99.530
1769725780.034388,99.530
1769725780.063094,99.530
1769725780.091211,99.520
1769725780.120740,99.520
1769725780.149539,99.530
1769725780.177567,99.530
1769725780.206308,99.520
1769725780.230759,99.520
1769725780.259291,99.540
1769725780.288685,99.540
1769725780.317243,99.520
1769725780.346207,99.540
1769725780.374066,99.530
1769725780.402715,99.530
1769725780.431993,99.520
1769725780.460244,99.530
1769725780.488584,99.530
1769725780.513534,99.530
1769725780.542765,99.520
1769725780.570672,99.530
1769725780.599670,99.530
1769725780.628663,99.520
1769725780.656833,99.530
1769725780.685517,99.530
1769725780.713862,99.520
1769725780.742862,99.540
1769725780.771829,99.510
1769725780.799828,99.510
1769725780.825410,99.520
1769725780.853419,99.520
1769725780.882209,99.520
1769725780.911180,99.520
1769725780.939494,99.520
1769725780.968431,99.520
1769725780.997454,99.520
1769725781.025465,99.510
1769725781.054609,99.520
1769725781.083384,99.530
1769725781.107347,99.520
1769725781.136095,99.520
1769725781.165365,99.530
1769725781.193503,99.530
1769725781.223134,99.520
1769725781.251283,99.530
1769725781.279629,99.530
1769725781.308560,99.530
1769725781.337520,99.530
1769725781.365333,99.540
1769725781.390456,99.530
1769725781.419286,99.530
1769725781.447450,99.520
1769725781.476320,99.520
1769725781.505555,99.530
1769725781.533512,99.530
1769725781.562577,99.530
1769725781.591414,99.530
1769725781.619555,99.510
1769725781.648734,99.530
1769725781.677114,99.530
1769725781.701186,99.520
1769725781.730153,99.530
1769725781.759267,99.520
1769725781.787966,99.530
1769725781.815969,99.530
1769725781.844991,99.530
1769725781.873828,99.530
1769725781.902855,99.530
1769725781.930894,99.530
1769725781.960019,99.530
1769725781.983832,99.540
1769725782.012788,99.530
1769725782.041767,99.530
1769725782.070826,99.530
1769725782.098809,99.530
1769725782.127776,99.520
1769725782.156968,99.530
1769725782.184758,99.540
1769725782.213713,99.530
1769725782.242674,99.540
1769725782.270574,99.530
1769725782.295563,99.540
1769725782.324531,99.520
1769725782.352592,99.530
1769725782.381591,99.530
1769725782.410076,99.520
1769725782.439093,99.530
1769725782.467877,99.530
1769725782.496008,99.520
1769725782.525044,99.520
1769725782.554073,99.530
1769725782.578014,99.530
1769725782.607421,99.540
1769725782.635534,99.520
1769725782.664572,99.540
1769725782.693477,99.530
1769725782.722514,99.540
1769725782.750391,99.520
1769725782.779399,99.530
1769725782.808090,99.530
1769725782.836419,99.530
1769725782.865492,99.530
1769725782.889458,99.520
1769725782.918747,99.520
1769725782.947036,99.530
1769725782.976039,99.520
1769725783.005171,99.530
1769725783.033147,99.520
1769725783.061619,99.540
1769725783.090472,99.520
1769725783.119468,99.520
1769725783.147354,99.520
1769725783.172155,99.520
1769725783.201171,99.510
1769725783.230134,99.520
1769725783.258210,99.530
1769725783.286948,99.520
1769725783.315582,99.520
1769725783.344322,99.530
1769725783.372629,99.530
1769725783.401583,99.530
1769725783.429592,99.520
1769725783.458478,99.520
1769725783.483950,99.530
1769725783.511942,99.530
1769725783.540956,99.520
1769725783.570133,99.530
1769725783.598171,99.530
1769725783.627249,99.520
1769725783.655279,99.530
1769725783.684350,99.520
1769725783.713301,99.520
1769725783.741308,99.530
1769725783.765896,99.530
1769725783.795049,99.530
1769725783.824160,99.530
1769725783.852129,99.530
1769725783.880666,99.520
1769725783.909662,99.530
1769725783.938660,99.520
1769725783.966685,99.530
1769725783.996369,99.530
1769725784.024669,99.530
1769725784.049407,99.530
1769725784.077533,99.530
1769725784.106854,99.530
1769725784.135040,99.540
1769725784.163406,99.530
1769725784.192156,99.530
1769725784.221114,99.530
1769725784.249469,99.520
1769725784.278191,99.530
1769725784.307114,99.530
1769725784.335218,99.520
1769725784.360754,99.530
1769725784.388864,99.530
1769725784.417794,99.530
1769725784.446596,99.520
1769725784.474925,99.530
1769725784.503776,99.530
1769725784.532795,99.530
1769725784.561020,99.530
1769725784.590014,99.530
1769725784.618245,99.520
1769725784.642045,99.540
1769725784.672194,99.530
1769725784.700805,99.520
1769725784.729338,99.520
1769725784.757531,99.530
1769725784.786987,99.530
1769725784.815438,99.520
1769725784.843302,99.530
1769725784.871892,99.520
1769725784.901121,99.530
1769725784.929915,99.520
1769725784.953955,99.520
1769725784.982969,99.530
1769725785.011521,99.520
1769725785.041054,99.510
1769725785.069302,99.520
1769725785.101831,99.520
1769725785.126732,99.520
1769725785.155217,99.520
1769725785.183156,99.520
1769725785.212520,99.520
1769725785.237588,99.520
1769725785.265290,99.510
1769725785.294111,99.520
1769725785.323210,99.520
1769725785.352233,99.520
1769725785.379920,99.520
1769725785.409040,99.530
1769725785.438059,99.520
1769725785.466169,99.510
1769725785.495193,99.520
1769725785.519835,99.520
1769725785.548828,99.520
1769725785.577067,99.530
1769725785.605562,99.520
1769725785.634323,99.520
1769725785.662423,99.520
1769725785.691177,99.520
1769725785.720195,99.530
1769725785.748645,99.530
1769725785.777873,99.510
1769725785.805913,99.520
1769725785.830874,99.520
1769725785.859770,99.520
1769725785.888663,99.520
1769725785.916631,99.530
1769725785.945622,99.530
1769725785.974636,99.530
1769725786.002395,99.520
1769725786.031288,99.520
1769725786.060381,99.520
1769725786.089025,99.530
1769725786.113438,99.520
1769725786.142058,99.530
1769725786.171225,99.530
1769725786.199281,99.530
1769725786.228587,99.530
1769725786.257200,99.520
1769725786.285540,99.530
1769725786.313522,99.520
1769725786.342670,99.510
1769725786.371680,99.530
1769725786.399883,99.530
1769725786.424890,99.530
1769725786.453891,99.510
1769725786.481813,99.530
1769725786.510813,99.520
1769725786.539811,99.510
1769725786.567926,99.520
1769725786.596653,99.520
1769725786.625018,99.520
1769725786.654025,99.530
1769725786.682896,99.520
1769725786.706901,99.520
1769725786.736602,99.530
1769725786.764714,99.530
1769725786.793458,99.520
1769725786.822373,99.530
1769725786.851337,99.520
1769725786.879225,99.520
1769725786.908221,99.530
1769725786.937228,99.540
1769725786.964455,99.520
1769725786.994386,99.520
1769725787.018387,99.520
1769725787.047390,99.520
1769725787.076499,99.530
1769725787.105267,99.520
1769725787.133277,99.520
1769725787.162760,99.520
1769725787.190678,99.520
1769725787.219732,99.530
1769725787.248700,99.520
1769725787.276689,99.520
1769725787.301336,99.530
1769725787.330368,99.520
1769725787.359283,99.520
1769725787.387230,99.520
1769725787.416200,99.520
1769725787.445114,99.520
1769725787.474171,99.520
1769725787.502479,99.530
1769725787.530247,99.520
1769725787.559158,99.530
1769725787.587886,99.520
1769725787.613119,99.520
1769725787.641477,99.520
1769725787.669600,99.520
1769725787.698917,99.510
1769725787.727736,99.520
1769725787.755750,99.510
1769725787.785383,99.520
1769725787.813177,99.530
1769725787.842021,99.530
1769725787.871083,99.520
1769725787.895757,99.530
1769725787.923767,99.520
1769725787.952806,99.520
1769725787.981529,99.520
1769725788.010524,99.520
1769725788.038577,99.520
1769725788.067659,99.510
1769725788.096287,99.520
1769725788.125414,99.520
1769725788.153430,99.520
1769725788.178491,99.520
1769725788.206277,99.520
1769725788.235236,99.530
1769725788.264265,99.520
1769725788.292545,99.520
1769725788.321578,99.520
1769725788.350580,99.530
1769725788.378723,99.520
1769725788.407170,99.520
1769725788.436176,99.510
1769725788.465215,99.520
1769725788.489657,99.520
1769725788.517659,99.510
1769725788.546891,99.530
1769725788.576002,99.530
1769725788.604592,99.520
1769725788.632595,99.530
1769725788.661553,99.520
1769725788.690454,99.510
1769725788.718694,99.530
1769725788.747154,99.520
1769725788.772255,99.520
1769725788.801006,99.520
1769725788.829488,99.520
1769725788.858257,99.530
1769725788.887100,99.520
1769725788.915110,99.520
1769725788.944072,99.520
1769725788.973131,99.520
1769725789.001863,99.530
1769725789.029795,99.510
1769725789.058799,99.530
1769725789.083633,99.520
1769725789.111635,99.530
1769725789.140689,99.520
1769725789.169784,99.520
1769725789.198551,99.530
1769725789.226512,99.530
1769725789.255505,99.530
1769725789.284417,99.520
1769725789.312353,99.530
1769725789.341379,99.520
1769725789.366353,99.530
1769725789.395216,99.520
1769725789.423155,99.510
1769725789.451573,99.520
1769725789.481176,99.530
1769725789.509961,99.520
1769725789.537950,99.530
1769725789.567242,99.530
1769725789.595075,99.520
1769725789.624119,99.510
1769725789.649121,99.510
1769725789.677236,99.520
1769725789.706004,99.530
1769725789.734378,99.520
1769725789.763390,99.520
1769725789.792392,99.510
1769725789.821309,99.520
1769725789.849305,99.520
1769725789.878124,99.520
1769725789.906541,99.520
1769725789.935652,99.510
1769725789.960242,99.510
1769725789.989197,99.520
1769725790.017222,99.520
1769725790.045958,99.500
1769725790.075133,99.520
1769725790.104239,99.510
1769725790.132322,99.510
1769725790.160429,99.510
1769725790.189377,99.510
1769725790.218352,99.510
1769725790.242409,99.520
1769725790.271357,99.520
1769725790.300037,99.510
1769725790.329041,99.510
1769725790.358107,99.530
1769725790.385911,99.520
1769725790.414651,99.530
1769725790.443688,99.520
1769725790.471759,99.510
1769725790.500574,99.520
1769725790.529498,99.520
1769725790.553500,99.530
1769725790.582536,99.530
1769725790.611312,99.530
1769725790.639786,99.530
1769725790.668789,99.520
1769725790.697601,99.530
1769725790.725686,99.520
1769725790.754791,99.520
1769725790.782901,99.530
1769725790.811696,99.530
1769725790.836739,99.520
1769725790.865139,99.530
1769725790.894028,99.530
1769725790.923069,99.520
1769725790.951077,99.500
1769725790.980181,99.520
1769725791.008901,99.530
1769725791.037840,99.520
1769725791.065948,99.520
1769725791.094075,99.530
1769725791.119091,99.530
1769725791.148045,99.520
1769725791.177135,99.530
1769725791.205629,99.520
1769725791.234041,99.530
1769725791.262996,99.530
1769725791.291012,99.530
1769725791.319644,99.530
1769725791.348895,99.530
1769725791.376946,99.520
1769725791.405724,99.530
1769725791.430687,99.520
1769725791.458922,99.520
1769725791.487544,99.520
1769725791.516633,99.530
1769725791.545635,99.520
1769725791.573838,99.520
1769725791.602491,99.520
1769725791.631500,99.530
1769725791.659507,99.530
1769725791.688326,99.520
1769725791.713323,99.520
1769725791.742322,99.520
1769725791.770325,99.530
1769725791.799330,99.520
1769725791.828448,99.520
1769725791.856447,99.530
1769725791.885645,99.530
1769725791.914287,99.520
1769725791.942291,99.530
1769725791.971330,99.530
1769725792.000283,99.530
1769725792.024344,99.530
1769725792.053685,99.530
1769725792.081673,99.530
1769725792.110610,99.530
1769725792.140106,99.520
1769725792.168088,99.520
1769725792.197072,99.520
1769725792.225222,99.530
1769725792.254096,99.530
1769725792.282562,99.520
1769725792.307773,99.540
1769725792.336200,99.520
1769725792.365169,99.530
1769725792.393876,99.520
1769725792.422650,99.510
1769725792.449903,99.530
1769725792.479678,99.520
1769725792.508559,99.530
1769725792.536822,99.520
1769725792.564883,99.530
1769725792.593247,99.520
1769725792.618817,99.520
1769725792.647562,99.520
1769725792.676263,99.520
1769725792.704985,99.520
1769725792.734143,99.520
1769725792.762069,99.520
1769725792.790847,99.520
1769725792.819709,99.530
1769725792.847986,99.530
1769725792.876321,99.520
1769725792.900985,99.520
1769725792.929903,99.530
1769725792.958977,99.510
1769725792.987131,99.520
1769725793.016563,99.530
1769725793.045046,99.530
1769725793.074006,99.530
1769725793.102563,99.520
1769725793.130528,99.520
1769725793.159743,99.530
1769725793.188376,99.520
1769725793.213127,99.520
1769725793.242082,99.520
1769725793.270069,99.520
1769725793.298653,99.520
1769725793.327717,99.510
1769725793.356682,99.520
1769725793.384744,99.510
1769725793.413872,99.530
1769725793.441620,99.520
1769725793.470611,99.520
1769725793.495263,99.530
1769725793.523222,99.520
1769725793.553240,99.530
1769725793.581475,99.530
1769725793.610444,99.530
1769725793.638615,99.530
1769725793.667663,99.520
1769725793.695456,99.520
1769725793.725445,99.520
1769725793.753414,99.520
1769725793.778204,99.520
1769725793.807274,99.520
1769725793.834954,99.530
1769725793.863849,99.530
1769725793.892702,99.520
1769725793.921682,99.520
1769725793.949461,99.530
1769725793.979189,99.520
1769725794.007166,99.520
1769725794.036021,99.520
1769725794.064865,99.530
1769725794.089706,99.530
1769725794.117642,99.520
1769725794.146866,99.530
1769725794.175945,99.530
1769725794.204082,99.530
1769725794.232464,99.530
1769725794.261272,99.530
1769725794.290078,99.520
1769725794.319059,99.530
1769725794.346861,99.530
1769725794.371814,99.520
1769725794.401133,99.520
1769725794.429137,99.520
1769725794.458118,99.530
1769725794.487242,99.520
1769725794.515748,99.510
1769725794.543749,99.520
1769725794.572778,99.520
1769725794.601634,99.520
1769725794.629889,99.520
1769725794.658035,99.520
1769725794.683668,99.530
1769725794.712349,99.530
1769725794.740350,99.510
1769725794.768270,99.520
1769725794.798108,99.530
1769725794.826334,99.520
1769725794.855849,99.520
1769725794.884167,99.520
1769725794.912206,99.530
1769725794.941316,99.520
1769725794.966172,99.530
1769725794.994584,99.530
1769725795.023193,99.530
1769725795.052277,99.520
1769725795.080961,99.530
1769725795.109063,99.530
1769725795.138616,99.530
1769725795.165828,99.530
1769725795.195284,99.520
1769725795.223889,99.530
1769725795.252435,99.520
1769725795.276513,99.520
1769725795.305810,99.520
1769725795.334477,99.530
1769725795.363461,99.530
1769725795.392553,99.540
1769725795.421379,99.520
1769725795.449363,99.520
1769725795.478348,99.520
1769725795.506262,99.530
1769725795.535273,99.520
1769725795.560225,99.520
1769725795.588372,99.520
1769725795.617116,99.520
1769725795.646075,99.540
1769725795.674875,99.520
1769725795.702821,99.530
1769725795.731833,99.520
1769725795.760770,99.520
1769725795.789212,99.520
1769725795.817970,99.520
1769725795.842966,99.520
1769725795.870939,99.520
1769725795.899435,99.530
1769725795.928521,99.530
1769725795.957531,99.530
1769725795.985690,99.520
1769725796.014401,99.530
1769725796.043405,99.520
1769725796.071440,99.530
1769725796.100310,99.530
1769725796.129267,99.520
1769725796.154187,99.530
1769725796.182379,99.520
1769725796.211059,99.530
1769725796.240159,99.520
1769725796.268138,99.530
1769725796.297830,99.520
1769725796.326838,99.520
1769725796.354839,99.520
1769725796.383818,99.530
1769725796.411750,99.520
1769725796.436529,99.510
1769725796.465099,99.520
1769725796.494025,99.520
1769725796.522604,99.510
1769725796.550931,99.520
1769725796.580565,99.520
1769725796.609049,99.510
1769725796.637286,99.520
1769725796.666240,99.520
1769725796.694237,99.520
1769725796.722660,99.520
1769725796.747672,99.510
1769725796.776568,99.520
1769725796.805357,99.530
1769725796.834549,99.520
1769725796.862516,99.530
1769725796.891614,99.510
1769725796.920052,99.530
1769725796.948956,99.510
1769725796.976975,99.510
1769725797.005383,99.520
1769725797.030396,99.530
1769725797.059370,99.510
1769725797.087469,99.520
1769725797.116307,99.530
1769725797.145261,99.530
1769725797.174030,99.530
1769725797.202343,99.530
1769725797.231152,99.530
1769725797.260303,99.520
1769725797.288414,99.530
1769725797.316931,99.530
1769725797.341957,99.530
1769725797.371084,99.530
1769725797.400002,99.520
1769725797.427964,99.530
1769725797.457000,99.530
1769725797.485047,99.520
1769725797.513671,99.530
1769725797.542810,99.530
1769725797.571829,99.530
1769725797.599584,99.520
1769725797.624579,99.520
1769725797.653577,99.530
1769725797.681612,99.520
1769725797.710413,99.520
1769725797.739455,99.530
1769725797.768338,99.520
1769725797.796993,99.520
1769725797.825574,99.530
1769725797.853965,99.520
1769725797.882046,99.530
1769725797.906784,99.520
1769725797.935848,99.520
1769725797.964914,99.520
1769725797.993009,99.530
1769725798.021564,99.520
1769725798.050527,99.520
1769725798.079038,99.520
1769725798.107475,99.520
1769725798.136550,99.530
1769725798.165549,99.520
1769725798.193670,99.520
1769725798.218364,99.520
1769725798.247367,99.520
1769725798.276362,99.530
1769725798.304226,99.520
1769725798.333226,99.530
1769725798.362223,99.520
1769725798.390363,99.520
1769725798.419823,99.530
1769725798.447825,99.520
1769725798.476820,99.530
1769725798.501626,99.530
1769725798.529601,99.540
1769725798.558595,99.530
1769725798.587807,99.530
1769725798.615439,99.530
1769725798.644440,99.520
1769725798.673436,99.520
1769725798.702102,99.530
1769725798.730667,99.530
1769725798.759249,99.520
1769725798.788081,99.520
1769725798.812811,99.530
1769725798.841499,99.520
1769725798.869486,99.520
1769725798.898335,99.530
1769725798.927335,99.520
1769725798.955609,99.520
1769725798.984236,99.520
1769725799.012900,99.520
1769725799.041951,99.520
1769725799.070943,99.520
1769725799.095316,99.530
1769725799.124122,99.520
1769725799.153083,99.530
1769725799.181080,99.520
1769725799.209902,99.520
1769725799.238958,99.520
1769725799.267823,99.530
1769725799.296302,99.530
1769725799.325088,99.530
1769725799.353071,99.530
1769725799.382075,99.520
1769725799.406628,99.520
1769725799.435812,99.530
1769725799.464801,99.530
1769725799.492953,99.530
1769725799.521717,99.530
1769725799.550716,99.530
